org.snmp4j.util.TableEvent[index=1.1,vbs=[1.3.6.1.4.1.3902.4101.1.3.1.1.1 = OMMOID=irpx8xyj-2#@#%#110-0-1_1_1_1_198100283_32],status=0,exception=null,report=null]
org.snmp4j.util.TableEvent[index=1.2,vbs=[1.3.6.1.4.1.3902.4101.1.3.1.1.2 = OMMOID=irpx8xyj-2#@#%#110-0-1_1_1_1_198092042_0],status=0,exception=null,report=null]
org.snmp4j.util.TableEvent[index=1.3,vbs=[1.3.6.1.4.1.3902.4101.1.3.1.1.3 = OMMOID=irpx8xyj-2#@#%#110-0-1_1_1_1_198099900_6553600],status=0,exception=null,report=null]
org.snmp4j.util.TableEvent[index=1.4,vbs=[1.3.6.1.4.1.3902.4101.1.3.1.1.4 = OMMOID=irpx8xyj-2#@#%#110-0-51_1_1_1_198097060_1],status=0,exception=null,report=null]
org.snmp4j.util.TableEvent[index=1.5,vbs=[1.3.6.1.4.1.3902.4101.1.3.1.1.5 = OMMOID=irpx8xyj-2#@#%#110-0-1_1_1_1_198096837_0],status=0,exception=null,report=null]
org.snmp4j.util.TableEvent[index=1.6,vbs=[1.3.6.1.4.1.3902.4101.1.3.1.1.6 = OMMOID=irpx8xyj-2#@#%#110-0-1_1_1_1_198097605_32],status=0,exception=null,report=null]
org.snmp4j.util.TableEvent[index=1.7,vbs=[1.3.6.1.4.1.3902.4101.1.3.1.1.7 = OMMOID=irpx8xyj-2#@#%#110-0-1_1_1_1_198100078_0],status=0,exception=null,report=null]
org.snmp4j.util.TableEvent[index=1.8,vbs=[1.3.6.1.4.1.3902.4101.1.3.1.1.8 = OMMOID=irpx8xyj-2#@#%#110-0-1_1_1_1_198092462_0],status=0,exception=null,report=null]
org.snmp4j.util.TableEvent[index=1.9,vbs=[1.3.6.1.4.1.3902.4101.1.3.1.1.9 = OMMOID=irpx8xyj-2#@#%#110-0-1_1_1_1_198096831_356971],status=0,exception=null,report=null]
org.snmp4j.util.TableEvent[index=1.10,vbs=[1.3.6.1.4.1.3902.4101.1.3.1.1.10 = OMMOID=irpx8xyj-2#@#%#110-0-51_1_1_1_198098465_1],status=0,exception=null,report=null]
org.snmp4j.util.TableEvent[index=1.11,vbs=[1.3.6.1.4.1.3902.4101.1.3.1.1.11 = OMMOID=irpx8xyj-2#@#%#110-357197-0_0_0_0_198099803_0],status=0,exception=null,report=null]
org.snmp4j.util.TableEvent[index=1.12,vbs=[1.3.6.1.4.1.3902.4101.1.3.1.1.12 = OMMOID=irpx8xyj-2#@#%#110-817172-0_0_0_0_198099803_0],status=0,exception=null,report=null]
org.snmp4j.util.TableEvent[index=1.13,vbs=[1.3.6.1.4.1.3902.4101.1.3.1.1.13 = OMMOID=irpx8xyj-2#@#%#110-793819-0_0_0_0_198099803_0],status=0,exception=null,report=null]
org.snmp4j.util.TableEvent[index=1.14,vbs=[1.3.6.1.4.1.3902.4101.1.3.1.1.14 = OMMOID=irpx8xyj-2#@#%#110-356941-0_0_0_0_198099803_0],status=0,exception=null,report=null]
org.snmp4j.util.TableEvent[index=1.15,vbs=[1.3.6.1.4.1.3902.4101.1.3.1.1.15 = OMMOID=irpx8xyj-2#@#%#110-1-0_0_0_0_198099803_0],status=0,exception=null,report=null]
org.snmp4j.util.TableEvent[index=1.16,vbs=[1.3.6.1.4.1.3902.4101.1.3.1.1.16 = OMMOID=irpx8xyj-2#@#%#110-357503-0_0_0_0_198099803_0],status=0,exception=null,report=null]
org.snmp4j.util.TableEvent[index=1.17,vbs=[1.3.6.1.4.1.3902.4101.1.3.1.1.17 = OMMOID=irpx8xyj-2#@#%#0-0-0_0_0_0_198099803_0],status=0,exception=null,report=null]
org.snmp4j.util.TableEvent[index=1.18,vbs=[1.3.6.1.4.1.3902.4101.1.3.1.1.18 = OMMOID=irpx8xyj-2#@#%#0-2-0_0_0_0_198099803_0],status=0,exception=null,report=null]
org.snmp4j.util.TableEvent[index=1.19,vbs=[1.3.6.1.4.1.3902.4101.1.3.1.1.19 = OMMOID=irpx8xyj-2#@#%#110-357525-0_0_0_0_198099803_0],status=0,exception=null,report=null]
org.snmp4j.util.TableEvent[index=1.20,vbs=[1.3.6.1.4.1.3902.4101.1.3.1.1.20 = OMMOID=irpx8xyj-2#@#%#0-1-0_0_0_0_198099803_0],status=0,exception=null,report=null]
org.snmp4j.util.TableEvent[index=1.21,vbs=[1.3.6.1.4.1.3902.4101.1.3.1.1.21 = OMMOID=irpx8xyj-2#@#%#110-357662-0_0_0_0_198099803_0],status=0,exception=null,report=null]
org.snmp4j.util.TableEvent[index=1.22,vbs=[1.3.6.1.4.1.3902.4101.1.3.1.1.22 = OMMOID=irpx8xyj-2#@#%#110-356964-0_0_0_0_198099803_0],status=0,exception=null,report=null]
org.snmp4j.util.TableEvent[index=1.23,vbs=[1.3.6.1.4.1.3902.4101.1.3.1.1.23 = OMMOID=irpx8xyj-2#@#%#110-817069-0_0_0_0_198099803_0],status=0,exception=null,report=null]
org.snmp4j.util.TableEvent[index=1.24,vbs=[1.3.6.1.4.1.3902.4101.1.3.1.1.24 = OMMOID=irpx8xyj-2#@#%#BackAlarm_83841896_1004_2004],status=0,exception=null,report=null]
org.snmp4j.util.TableEvent[index=1.25,vbs=[1.3.6.1.4.1.3902.4101.1.3.1.1.25 = OMMOID=irpx8xyj-2#@#%#110-0-0_0_0_0_198099803_0],status=0,exception=null,report=null]
org.snmp4j.util.TableEvent[index=1.26,vbs=[1.3.6.1.4.1.3902.4101.1.3.1.1.26 = hp07(10.9.230.220)uca.backup.allbak1011],status=0,exception=null,report=null]
org.snmp4j.util.TableEvent[index=1.27,vbs=[1.3.6.1.4.1.3902.4101.1.3.1.1.27 = hp07(10.9.230.220)uca.backup.basebak1021],status=0,exception=null,report=null]
org.snmp4j.util.TableEvent[index=2.1,vbs=[1.3.6.1.4.1.3902.4101.1.3.1.2.1 = sdrmgr:OMMOID=irpx8xyj-2@sbn=110@NodeMe=0,Equipment=1,rack=1,shelf=1,board=1],status=0,exception=null,report=null]
org.snmp4j.util.TableEvent[index=2.2,vbs=[1.3.6.1.4.1.3902.4101.1.3.1.2.2 = sdrmgr:OMMOID=irpx8xyj-2@sbn=110@NodeMe=0,Equipment=1,rack=1,shelf=1,board=1],status=0,exception=null,report=null]
org.snmp4j.util.TableEvent[index=2.3,vbs=[1.3.6.1.4.1.3902.4101.1.3.1.2.3 = sdrmgr:OMMOID=irpx8xyj-2@sbn=110@NodeMe=0,Equipment=1,rack=1,shelf=1,board=1],status=0,exception=null,report=null]
org.snmp4j.util.TableEvent[index=2.4,vbs=[1.3.6.1.4.1.3902.4101.1.3.1.2.4 = sdrmgr:OMMOID=irpx8xyj-2@sbn=110@NodeMe=0,Equipment=1,rack=51,shelf=1,board=1],status=0,exception=null,report=null]
org.snmp4j.util.TableEvent[index=2.5,vbs=[1.3.6.1.4.1.3902.4101.1.3.1.2.5 = sdrmgr:OMMOID=irpx8xyj-2@sbn=110@NodeMe=0,Equipment=1,rack=1,shelf=1,board=1],status=0,exception=null,report=null]
org.snmp4j.util.TableEvent[index=2.6,vbs=[1.3.6.1.4.1.3902.4101.1.3.1.2.6 = sdrmgr:OMMOID=irpx8xyj-2@sbn=110@NodeMe=0,Equipment=1,rack=1,shelf=1,board=1],status=0,exception=null,report=null]
org.snmp4j.util.TableEvent[index=2.7,vbs=[1.3.6.1.4.1.3902.4101.1.3.1.2.7 = sdrmgr:OMMOID=irpx8xyj-2@sbn=110@NodeMe=0,Equipment=1,rack=1,shelf=1,board=1],status=0,exception=null,report=null]
org.snmp4j.util.TableEvent[index=2.8,vbs=[1.3.6.1.4.1.3902.4101.1.3.1.2.8 = sdrmgr:OMMOID=irpx8xyj-2@sbn=110@NodeMe=0,Equipment=1,rack=1,shelf=1,board=1],status=0,exception=null,report=null]
org.snmp4j.util.TableEvent[index=2.9,vbs=[1.3.6.1.4.1.3902.4101.1.3.1.2.9 = sdrmgr:OMMOID=irpx8xyj-2@sbn=110@NodeMe=0,Equipment=1,rack=1,shelf=1,board=1],status=0,exception=null,report=null]
org.snmp4j.util.TableEvent[index=2.10,vbs=[1.3.6.1.4.1.3902.4101.1.3.1.2.10 = sdrmgr:OMMOID=irpx8xyj-2@sbn=110@NodeMe=0,Equipment=1,rack=51,shelf=1,board=1],status=0,exception=null,report=null]
org.snmp4j.util.TableEvent[index=2.11,vbs=[1.3.6.1.4.1.3902.4101.1.3.1.2.11 = sdrmgr:OMMOID=irpx8xyj-2@sbn=110@NodeMe=357197],status=0,exception=null,report=null]
org.snmp4j.util.TableEvent[index=2.12,vbs=[1.3.6.1.4.1.3902.4101.1.3.1.2.12 = sdrmgr:OMMOID=irpx8xyj-2@sbn=110@NodeMe=817172],status=0,exception=null,report=null]
org.snmp4j.util.TableEvent[index=2.13,vbs=[1.3.6.1.4.1.3902.4101.1.3.1.2.13 = sdrmgr:OMMOID=irpx8xyj-2@sbn=110@NodeMe=793819],status=0,exception=null,report=null]
org.snmp4j.util.TableEvent[index=2.14,vbs=[1.3.6.1.4.1.3902.4101.1.3.1.2.14 = sdrmgr:OMMOID=irpx8xyj-2@sbn=110@NodeMe=356941],status=0,exception=null,report=null]
org.snmp4j.util.TableEvent[index=2.15,vbs=[1.3.6.1.4.1.3902.4101.1.3.1.2.15 = sdrmgr:OMMOID=irpx8xyj-2@sbn=110@NodeMe=1],status=0,exception=null,report=null]
org.snmp4j.util.TableEvent[index=2.16,vbs=[1.3.6.1.4.1.3902.4101.1.3.1.2.16 = sdrmgr:OMMOID=irpx8xyj-2@sbn=110@NodeMe=357503],status=0,exception=null,report=null]
org.snmp4j.util.TableEvent[index=2.17,vbs=[1.3.6.1.4.1.3902.4101.1.3.1.2.17 = sdrmgr:OMMOID=irpx8xyj-2@sbn=0@NodeMe=0],status=0,exception=null,report=null]
org.snmp4j.util.TableEvent[index=2.18,vbs=[1.3.6.1.4.1.3902.4101.1.3.1.2.18 = sdrmgr:OMMOID=irpx8xyj-2@sbn=0@NodeMe=2],status=0,exception=null,report=null]
org.snmp4j.util.TableEvent[index=2.19,vbs=[1.3.6.1.4.1.3902.4101.1.3.1.2.19 = sdrmgr:OMMOID=irpx8xyj-2@sbn=110@NodeMe=357525],status=0,exception=null,report=null]
org.snmp4j.util.TableEvent[index=2.20,vbs=[1.3.6.1.4.1.3902.4101.1.3.1.2.20 = sdrmgr:OMMOID=irpx8xyj-2@sbn=0@NodeMe=1],status=0,exception=null,report=null]
org.snmp4j.util.TableEvent[index=2.21,vbs=[1.3.6.1.4.1.3902.4101.1.3.1.2.21 = sdrmgr:OMMOID=irpx8xyj-2@sbn=110@NodeMe=357662],status=0,exception=null,report=null]
org.snmp4j.util.TableEvent[index=2.22,vbs=[1.3.6.1.4.1.3902.4101.1.3.1.2.22 = sdrmgr:OMMOID=irpx8xyj-2@sbn=110@NodeMe=356964],status=0,exception=null,report=null]
org.snmp4j.util.TableEvent[index=2.23,vbs=[1.3.6.1.4.1.3902.4101.1.3.1.2.23 = sdrmgr:OMMOID=irpx8xyj-2@sbn=110@NodeMe=817069],status=0,exception=null,report=null]
org.snmp4j.util.TableEvent[index=2.24,vbs=[1.3.6.1.4.1.3902.4101.1.3.1.2.24 = OMMOID=irpx8xyj-2],status=0,exception=null,report=null]
org.snmp4j.util.TableEvent[index=2.25,vbs=[1.3.6.1.4.1.3902.4101.1.3.1.2.25 = sdrmgr:OMMOID=irpx8xyj-2@sbn=110@NodeMe=0],status=0,exception=null,report=null]
org.snmp4j.util.TableEvent[index=2.26,vbs=[1.3.6.1.4.1.3902.4101.1.3.1.2.26 = COMM:EMS=502463710549],status=0,exception=null,report=null]
org.snmp4j.util.TableEvent[index=2.27,vbs=[1.3.6.1.4.1.3902.4101.1.3.1.2.27 = COMM:EMS=502463710549],status=0,exception=null,report=null]
org.snmp4j.util.TableEvent[index=3.1,vbs=[1.3.6.1.4.1.3902.4101.1.3.1.3.1 = 2009-5-19,6:30:0.0,+8:0],status=0,exception=null,report=null]
org.snmp4j.util.TableEvent[index=3.2,vbs=[1.3.6.1.4.1.3902.4101.1.3.1.3.2 = 2009-5-19,6:30:0.0,+8:0],status=0,exception=null,report=null]
org.snmp4j.util.TableEvent[index=3.3,vbs=[1.3.6.1.4.1.3902.4101.1.3.1.3.3 = 2009-5-19,6:30:0.0,+8:0],status=0,exception=null,report=null]
org.snmp4j.util.TableEvent[index=3.4,vbs=[1.3.6.1.4.1.3902.4101.1.3.1.3.4 = 2009-5-19,6:30:0.0,+8:0],status=0,exception=null,report=null]
org.snmp4j.util.TableEvent[index=3.5,vbs=[1.3.6.1.4.1.3902.4101.1.3.1.3.5 = 2009-5-19,6:30:0.0,+8:0],status=0,exception=null,report=null]
org.snmp4j.util.TableEvent[index=3.6,vbs=[1.3.6.1.4.1.3902.4101.1.3.1.3.6 = 2009-5-19,6:30:0.0,+8:0],status=0,exception=null,report=null]
org.snmp4j.util.TableEvent[index=3.7,vbs=[1.3.6.1.4.1.3902.4101.1.3.1.3.7 = 2009-5-19,6:30:0.0,+8:0],status=0,exception=null,report=null]
org.snmp4j.util.TableEvent[index=3.8,vbs=[1.3.6.1.4.1.3902.4101.1.3.1.3.8 = 2009-5-19,6:30:0.0,+8:0],status=0,exception=null,report=null]
org.snmp4j.util.TableEvent[index=3.9,vbs=[1.3.6.1.4.1.3902.4101.1.3.1.3.9 = 2009-5-19,6:30:0.0,+8:0],status=0,exception=null,report=null]
org.snmp4j.util.TableEvent[index=3.10,vbs=[1.3.6.1.4.1.3902.4101.1.3.1.3.10 = 2009-5-19,6:30:0.0,+8:0],status=0,exception=null,report=null]
org.snmp4j.util.TableEvent[index=3.11,vbs=[1.3.6.1.4.1.3902.4101.1.3.1.3.11 = 2016-8-11,21:0:40.0,+8:0],status=0,exception=null,report=null]
org.snmp4j.util.TableEvent[index=3.12,vbs=[1.3.6.1.4.1.3902.4101.1.3.1.3.12 = 2016-8-11,21:0:40.0,+8:0],status=0,exception=null,report=null]
org.snmp4j.util.TableEvent[index=3.13,vbs=[1.3.6.1.4.1.3902.4101.1.3.1.3.13 = 2016-8-11,21:0:40.0,+8:0],status=0,exception=null,report=null]
org.snmp4j.util.TableEvent[index=3.14,vbs=[1.3.6.1.4.1.3902.4101.1.3.1.3.14 = 2016-8-11,21:0:40.0,+8:0],status=0,exception=null,report=null]
org.snmp4j.util.TableEvent[index=3.15,vbs=[1.3.6.1.4.1.3902.4101.1.3.1.3.15 = 2016-8-11,21:0:40.0,+8:0],status=0,exception=null,report=null]
org.snmp4j.util.TableEvent[index=3.16,vbs=[1.3.6.1.4.1.3902.4101.1.3.1.3.16 = 2016-8-11,21:0:40.0,+8:0],status=0,exception=null,report=null]
org.snmp4j.util.TableEvent[index=3.17,vbs=[1.3.6.1.4.1.3902.4101.1.3.1.3.17 = 2016-8-11,21:0:40.0,+8:0],status=0,exception=null,report=null]
org.snmp4j.util.TableEvent[index=3.18,vbs=[1.3.6.1.4.1.3902.4101.1.3.1.3.18 = 2016-8-11,21:0:40.0,+8:0],status=0,exception=null,report=null]
org.snmp4j.util.TableEvent[index=3.19,vbs=[1.3.6.1.4.1.3902.4101.1.3.1.3.19 = 2016-8-11,21:0:40.0,+8:0],status=0,exception=null,report=null]
org.snmp4j.util.TableEvent[index=3.20,vbs=[1.3.6.1.4.1.3902.4101.1.3.1.3.20 = 2016-8-11,21:0:40.0,+8:0],status=0,exception=null,report=null]
org.snmp4j.util.TableEvent[index=3.21,vbs=[1.3.6.1.4.1.3902.4101.1.3.1.3.21 = 2016-8-11,21:0:40.0,+8:0],status=0,exception=null,report=null]
org.snmp4j.util.TableEvent[index=3.22,vbs=[1.3.6.1.4.1.3902.4101.1.3.1.3.22 = 2016-8-11,21:0:40.0,+8:0],status=0,exception=null,report=null]
org.snmp4j.util.TableEvent[index=3.23,vbs=[1.3.6.1.4.1.3902.4101.1.3.1.3.23 = 2016-8-11,21:0:40.0,+8:0],status=0,exception=null,report=null]
org.snmp4j.util.TableEvent[index=3.24,vbs=[1.3.6.1.4.1.3902.4101.1.3.1.3.24 = 2016-8-11,21:3:29.0,+8:0],status=0,exception=null,report=null]
org.snmp4j.util.TableEvent[index=3.25,vbs=[1.3.6.1.4.1.3902.4101.1.3.1.3.25 = 2016-8-12,17:58:40.0,+8:0],status=0,exception=null,report=null]
org.snmp4j.util.TableEvent[index=3.26,vbs=[1.3.6.1.4.1.3902.4101.1.3.1.3.26 = 2016-8-18,23:1:31.0,+8:0],status=0,exception=null,report=null]
org.snmp4j.util.TableEvent[index=3.27,vbs=[1.3.6.1.4.1.3902.4101.1.3.1.3.27 = 2016-8-19,5:41:32.0,+8:0],status=0,exception=null,report=null]
org.snmp4j.util.TableEvent[index=4.1,vbs=[1.3.6.1.4.1.3902.4101.1.3.1.4.1 = 5],status=0,exception=null,report=null]
org.snmp4j.util.TableEvent[index=4.2,vbs=[1.3.6.1.4.1.3902.4101.1.3.1.4.2 = 3],status=0,exception=null,report=null]
org.snmp4j.util.TableEvent[index=4.3,vbs=[1.3.6.1.4.1.3902.4101.1.3.1.4.3 = 3],status=0,exception=null,report=null]
org.snmp4j.util.TableEvent[index=4.4,vbs=[1.3.6.1.4.1.3902.4101.1.3.1.4.4 = 5],status=0,exception=null,report=null]
org.snmp4j.util.TableEvent[index=4.5,vbs=[1.3.6.1.4.1.3902.4101.1.3.1.4.5 = 4],status=0,exception=null,report=null]
org.snmp4j.util.TableEvent[index=4.6,vbs=[1.3.6.1.4.1.3902.4101.1.3.1.4.6 = 2],status=0,exception=null,report=null]
org.snmp4j.util.TableEvent[index=4.7,vbs=[1.3.6.1.4.1.3902.4101.1.3.1.4.7 = 5],status=0,exception=null,report=null]
org.snmp4j.util.TableEvent[index=4.8,vbs=[1.3.6.1.4.1.3902.4101.1.3.1.4.8 = 3],status=0,exception=null,report=null]
org.snmp4j.util.TableEvent[index=4.9,vbs=[1.3.6.1.4.1.3902.4101.1.3.1.4.9 = 5],status=0,exception=null,report=null]
org.snmp4j.util.TableEvent[index=4.10,vbs=[1.3.6.1.4.1.3902.4101.1.3.1.4.10 = 5],status=0,exception=null,report=null]
org.snmp4j.util.TableEvent[index=4.11,vbs=[1.3.6.1.4.1.3902.4101.1.3.1.4.11 = 1],status=0,exception=null,report=null]
org.snmp4j.util.TableEvent[index=4.12,vbs=[1.3.6.1.4.1.3902.4101.1.3.1.4.12 = 1],status=0,exception=null,report=null]
org.snmp4j.util.TableEvent[index=4.13,vbs=[1.3.6.1.4.1.3902.4101.1.3.1.4.13 = 1],status=0,exception=null,report=null]
org.snmp4j.util.TableEvent[index=4.14,vbs=[1.3.6.1.4.1.3902.4101.1.3.1.4.14 = 1],status=0,exception=null,report=null]
org.snmp4j.util.TableEvent[index=4.15,vbs=[1.3.6.1.4.1.3902.4101.1.3.1.4.15 = 1],status=0,exception=null,report=null]
org.snmp4j.util.TableEvent[index=4.16,vbs=[1.3.6.1.4.1.3902.4101.1.3.1.4.16 = 1],status=0,exception=null,report=null]
org.snmp4j.util.TableEvent[index=4.17,vbs=[1.3.6.1.4.1.3902.4101.1.3.1.4.17 = 1],status=0,exception=null,report=null]
org.snmp4j.util.TableEvent[index=4.18,vbs=[1.3.6.1.4.1.3902.4101.1.3.1.4.18 = 1],status=0,exception=null,report=null]
org.snmp4j.util.TableEvent[index=4.19,vbs=[1.3.6.1.4.1.3902.4101.1.3.1.4.19 = 1],status=0,exception=null,report=null]
org.snmp4j.util.TableEvent[index=4.20,vbs=[1.3.6.1.4.1.3902.4101.1.3.1.4.20 = 1],status=0,exception=null,report=null]
org.snmp4j.util.TableEvent[index=4.21,vbs=[1.3.6.1.4.1.3902.4101.1.3.1.4.21 = 1],status=0,exception=null,report=null]
org.snmp4j.util.TableEvent[index=4.22,vbs=[1.3.6.1.4.1.3902.4101.1.3.1.4.22 = 1],status=0,exception=null,report=null]
org.snmp4j.util.TableEvent[index=4.23,vbs=[1.3.6.1.4.1.3902.4101.1.3.1.4.23 = 1],status=0,exception=null,report=null]
org.snmp4j.util.TableEvent[index=4.24,vbs=[1.3.6.1.4.1.3902.4101.1.3.1.4.24 = 11],status=0,exception=null,report=null]
org.snmp4j.util.TableEvent[index=4.25,vbs=[1.3.6.1.4.1.3902.4101.1.3.1.4.25 = 1],status=0,exception=null,report=null]
org.snmp4j.util.TableEvent[index=4.26,vbs=[1.3.6.1.4.1.3902.4101.1.3.1.4.26 = 11],status=0,exception=null,report=null]
org.snmp4j.util.TableEvent[index=4.27,vbs=[1.3.6.1.4.1.3902.4101.1.3.1.4.27 = 11],status=0,exception=null,report=null]
org.snmp4j.util.TableEvent[index=5.1,vbs=[1.3.6.1.4.1.3902.4101.1.3.1.5.1 = 532],status=0,exception=null,report=null]
org.snmp4j.util.TableEvent[index=5.2,vbs=[1.3.6.1.4.1.3902.4101.1.3.1.5.2 = 350],status=0,exception=null,report=null]
org.snmp4j.util.TableEvent[index=5.3,vbs=[1.3.6.1.4.1.3902.4101.1.3.1.5.3 = 107],status=0,exception=null,report=null]
org.snmp4j.util.TableEvent[index=5.4,vbs=[1.3.6.1.4.1.3902.4101.1.3.1.5.4 = 566],status=0,exception=null,report=null]
org.snmp4j.util.TableEvent[index=5.5,vbs=[1.3.6.1.4.1.3902.4101.1.3.1.5.5 = 552],status=0,exception=null,report=null]
org.snmp4j.util.TableEvent[index=5.6,vbs=[1.3.6.1.4.1.3902.4101.1.3.1.5.6 = 14],status=0,exception=null,report=null]
org.snmp4j.util.TableEvent[index=5.7,vbs=[1.3.6.1.4.1.3902.4101.1.3.1.5.7 = 315],status=0,exception=null,report=null]
org.snmp4j.util.TableEvent[index=5.8,vbs=[1.3.6.1.4.1.3902.4101.1.3.1.5.8 = 117],status=0,exception=null,report=null]
org.snmp4j.util.TableEvent[index=5.9,vbs=[1.3.6.1.4.1.3902.4101.1.3.1.5.9 = 574],status=0,exception=null,report=null]
org.snmp4j.util.TableEvent[index=5.10,vbs=[1.3.6.1.4.1.3902.4101.1.3.1.5.10 = 503],status=0,exception=null,report=null]
org.snmp4j.util.TableEvent[index=5.11,vbs=[1.3.6.1.4.1.3902.4101.1.3.1.5.11 = 566],status=0,exception=null,report=null]
org.snmp4j.util.TableEvent[index=5.12,vbs=[1.3.6.1.4.1.3902.4101.1.3.1.5.12 = 566],status=0,exception=null,report=null]
org.snmp4j.util.TableEvent[index=5.13,vbs=[1.3.6.1.4.1.3902.4101.1.3.1.5.13 = 566],status=0,exception=null,report=null]
org.snmp4j.util.TableEvent[index=5.14,vbs=[1.3.6.1.4.1.3902.4101.1.3.1.5.14 = 566],status=0,exception=null,report=null]
org.snmp4j.util.TableEvent[index=5.15,vbs=[1.3.6.1.4.1.3902.4101.1.3.1.5.15 = 566],status=0,exception=null,report=null]
org.snmp4j.util.TableEvent[index=5.16,vbs=[1.3.6.1.4.1.3902.4101.1.3.1.5.16 = 566],status=0,exception=null,report=null]
org.snmp4j.util.TableEvent[index=5.17,vbs=[1.3.6.1.4.1.3902.4101.1.3.1.5.17 = 566],status=0,exception=null,report=null]
org.snmp4j.util.TableEvent[index=5.18,vbs=[1.3.6.1.4.1.3902.4101.1.3.1.5.18 = 566],status=0,exception=null,report=null]
org.snmp4j.util.TableEvent[index=5.19,vbs=[1.3.6.1.4.1.3902.4101.1.3.1.5.19 = 566],status=0,exception=null,report=null]
org.snmp4j.util.TableEvent[index=5.20,vbs=[1.3.6.1.4.1.3902.4101.1.3.1.5.20 = 566],status=0,exception=null,report=null]
org.snmp4j.util.TableEvent[index=5.21,vbs=[1.3.6.1.4.1.3902.4101.1.3.1.5.21 = 566],status=0,exception=null,report=null]
org.snmp4j.util.TableEvent[index=5.22,vbs=[1.3.6.1.4.1.3902.4101.1.3.1.5.22 = 566],status=0,exception=null,report=null]
org.snmp4j.util.TableEvent[index=5.23,vbs=[1.3.6.1.4.1.3902.4101.1.3.1.5.23 = 566],status=0,exception=null,report=null]
org.snmp4j.util.TableEvent[index=5.24,vbs=[1.3.6.1.4.1.3902.4101.1.3.1.5.24 = 351],status=0,exception=null,report=null]
org.snmp4j.util.TableEvent[index=5.25,vbs=[1.3.6.1.4.1.3902.4101.1.3.1.5.25 = 566],status=0,exception=null,report=null]
org.snmp4j.util.TableEvent[index=5.26,vbs=[1.3.6.1.4.1.3902.4101.1.3.1.5.26 = 348],status=0,exception=null,report=null]
org.snmp4j.util.TableEvent[index=5.27,vbs=[1.3.6.1.4.1.3902.4101.1.3.1.5.27 = 348],status=0,exception=null,report=null]
org.snmp4j.util.TableEvent[index=6.1,vbs=[1.3.6.1.4.1.3902.4101.1.3.1.6.1 = 3],status=0,exception=null,report=null]
org.snmp4j.util.TableEvent[index=6.2,vbs=[1.3.6.1.4.1.3902.4101.1.3.1.6.2 = 3],status=0,exception=null,report=null]
org.snmp4j.util.TableEvent[index=6.3,vbs=[1.3.6.1.4.1.3902.4101.1.3.1.6.3 = 3],status=0,exception=null,report=null]
org.snmp4j.util.TableEvent[index=6.4,vbs=[1.3.6.1.4.1.3902.4101.1.3.1.6.4 = 3],status=0,exception=null,report=null]
org.snmp4j.util.TableEvent[index=6.5,vbs=[1.3.6.1.4.1.3902.4101.1.3.1.6.5 = 4],status=0,exception=null,report=null]
org.snmp4j.util.TableEvent[index=6.6,vbs=[1.3.6.1.4.1.3902.4101.1.3.1.6.6 = 2],status=0,exception=null,report=null]
org.snmp4j.util.TableEvent[index=6.7,vbs=[1.3.6.1.4.1.3902.4101.1.3.1.6.7 = 2],status=0,exception=null,report=null]
org.snmp4j.util.TableEvent[index=6.8,vbs=[1.3.6.1.4.1.3902.4101.1.3.1.6.8 = 3],status=0,exception=null,report=null]
org.snmp4j.util.TableEvent[index=6.9,vbs=[1.3.6.1.4.1.3902.4101.1.3.1.6.9 = 4],status=0,exception=null,report=null]
org.snmp4j.util.TableEvent[index=6.10,vbs=[1.3.6.1.4.1.3902.4101.1.3.1.6.10 = 3],status=0,exception=null,report=null]
org.snmp4j.util.TableEvent[index=6.11,vbs=[1.3.6.1.4.1.3902.4101.1.3.1.6.11 = 2],status=0,exception=null,report=null]
org.snmp4j.util.TableEvent[index=6.12,vbs=[1.3.6.1.4.1.3902.4101.1.3.1.6.12 = 2],status=0,exception=null,report=null]
org.snmp4j.util.TableEvent[index=6.13,vbs=[1.3.6.1.4.1.3902.4101.1.3.1.6.13 = 2],status=0,exception=null,report=null]
org.snmp4j.util.TableEvent[index=6.14,vbs=[1.3.6.1.4.1.3902.4101.1.3.1.6.14 = 2],status=0,exception=null,report=null]
org.snmp4j.util.TableEvent[index=6.15,vbs=[1.3.6.1.4.1.3902.4101.1.3.1.6.15 = 2],status=0,exception=null,report=null]
org.snmp4j.util.TableEvent[index=6.16,vbs=[1.3.6.1.4.1.3902.4101.1.3.1.6.16 = 2],status=0,exception=null,report=null]
org.snmp4j.util.TableEvent[index=6.17,vbs=[1.3.6.1.4.1.3902.4101.1.3.1.6.17 = 2],status=0,exception=null,report=null]
org.snmp4j.util.TableEvent[index=6.18,vbs=[1.3.6.1.4.1.3902.4101.1.3.1.6.18 = 2],status=0,exception=null,report=null]
org.snmp4j.util.TableEvent[index=6.19,vbs=[1.3.6.1.4.1.3902.4101.1.3.1.6.19 = 2],status=0,exception=null,report=null]
org.snmp4j.util.TableEvent[index=6.20,vbs=[1.3.6.1.4.1.3902.4101.1.3.1.6.20 = 2],status=0,exception=null,report=null]
org.snmp4j.util.TableEvent[index=6.21,vbs=[1.3.6.1.4.1.3902.4101.1.3.1.6.21 = 2],status=0,exception=null,report=null]
org.snmp4j.util.TableEvent[index=6.22,vbs=[1.3.6.1.4.1.3902.4101.1.3.1.6.22 = 2],status=0,exception=null,report=null]
org.snmp4j.util.TableEvent[index=6.23,vbs=[1.3.6.1.4.1.3902.4101.1.3.1.6.23 = 2],status=0,exception=null,report=null]
org.snmp4j.util.TableEvent[index=6.24,vbs=[1.3.6.1.4.1.3902.4101.1.3.1.6.24 = 5],status=0,exception=null,report=null]
org.snmp4j.util.TableEvent[index=6.25,vbs=[1.3.6.1.4.1.3902.4101.1.3.1.6.25 = 2],status=0,exception=null,report=null]
org.snmp4j.util.TableEvent[index=6.26,vbs=[1.3.6.1.4.1.3902.4101.1.3.1.6.26 = 3],status=0,exception=null,report=null]
org.snmp4j.util.TableEvent[index=6.27,vbs=[1.3.6.1.4.1.3902.4101.1.3.1.6.27 = 3],status=0,exception=null,report=null]
org.snmp4j.util.TableEvent[index=7.1,vbs=[1.3.6.1.4.1.3902.4101.1.3.1.7.1 = 31:2e:20:cc:ec:c0:a1:cf:df:c0:c2:c1:ac:bd:d3:b9:ca:d5:cf:a1:a3:0a:32:2e:20:52:52:55:cd:a8:b5:c0:b9:ca:d5:cf:a1:a3],status=0,exception=null,report=null]
org.snmp4j.util.TableEvent[index=7.2,vbs=[1.3.6.1.4.1.3902.4101.1.3.1.7.2 = b9:fd:ce:c2:a3:ba:0a:31:2e:20:bd:f8:b7:e7:bf:da:bb:f2:d5:df:b7:c0:b3:be:cd:f8:b6:c2:c8:fb:a1:a3:0a:32:2e:20:cd:e2:ce:a7:bb:b7:be:b3:ce:c2:b6:c8:b9:fd:b8:df:a1:a3:0a:33:2e:20:ce:c2:b6:c8:b8:e6:be:af:c3:c5:cf:de:c9:e8:d6:c3:b2:bb:ba:cf:c0:ed:a1:a3:0a:0a:c7:b7:ce:c2:a3:ba:0a:31:2e:20:cd:e2:ce:a7:bb:b7:be:b3:ce:c2:b6:c8:b9:fd:b5:cd:a1:a3:0a:32:2e:20:ce:c2:b6:c8:b8:e6:be:af:c3:c5:cf:de:c9:e8:d6:c3:b2:bb:ba:cf:c0:ed:a1:a3],status=0,exception=null,report=null]
org.snmp4j.util.TableEvent[index=7.3,vbs=[1.3.6.1.4.1.3902.4101.1.3.1.7.3 = 31:2e:20:b8:c3:c2:b7:b8:c9:bd:d3:b5:e3:b8:e6:be:af:b5:c4:b3:a3:bf:aa:b3:a3:b1:d5:c9:e8:d6:c3:b4:ed:ce:f3:a1:a3:0a:32:2e:20:cf:df:c0:c2:c1:ac:bd:d3:b2:bb:d5:fd:c8:b7:bb:f2:cf:df:c0:c2:b9:ca:d5:cf:a1:a3:0a:33:2e:20:d0:ee:b5:e7:b3:d8:b7:e7:c9:c8:cd:a3:d7:aa:a1:a3],status=0,exception=null,report=null]
org.snmp4j.util.TableEvent[index=7.4,vbs=[1.3.6.1.4.1.3902.4101.1.3.1.7.4 = b5:a5:b0:e5:d3:eb:d6:f7:bf:d8:b0:e5:d6:ae:bc:e4:b5:c4:c1:b4:c2:b7:c1:ac:bd:d3:b9:ca:d5:cf:a1:a3],status=0,exception=null,report=null]
org.snmp4j.util.TableEvent[index=7.5,vbs=[1.3.6.1.4.1.3902.4101.1.3.1.7.5 = 31:2e:20:cc:ec:c0:a1:b7:bd:cf:f2:d3:d0:bd:a8:d6:fe:ce:ef:d5:da:b5:b2:a1:a3:0a:32:2e:20:d6:dc:b1:df:bb:b7:be:b3:b4:e6:d4:da:b8:c9:c8:c5:a1:a3:0a:33:2e:20:b5:a5:b0:e5:d3:b2:bc:fe:b9:ca:d5:cf:a1:a3],status=0,exception=null,report=null]
org.snmp4j.util.TableEvent[index=7.6,vbs=[1.3.6.1.4.1.3902.4101.1.3.1.7.6 = 31:2e:20:42:42:55:ba:cd:52:52:55:d6:ae:bc:e4:bb:f2:d5:df:c9:cf:cf:c2:bc:b6:52:52:55:d6:ae:bc:e4:b5:c4:b9:e2:cf:cb:b9:ca:d5:cf:a1:a3:0a:32:2e:20:52:52:55:b9:e2:c4:a3:bf:e9:bb:f2:c9:cf:c1:aa:b5:c4:42:42:55:b9:e2:c4:a3:bf:e9:b9:ca:d5:cf:a1:a3:0a:33:2e:20:52:52:55:ce:b4:b9:a9:b5:e7:a1:a3:0a:34:2e:20:42:42:55:bd:d3:bf:da:b5:a5:b0:e5:b9:ca:d5:cf:a1:a3:0a:35:2e:20:52:52:55:b9:ca:d5:cf:a1:a3],status=0,exception=null,report=null]
org.snmp4j.util.TableEvent[index=7.7,vbs=[1.3.6.1.4.1.3902.4101.1.3.1.7.7 = 31:2e:20:cd:e2:b2:bf:c9:e8:b1:b8:b9:ca:d5:cf:a1:a3:0a:32:2e:20:bc:e0:bf:d8:b5:a5:d4:aa:b9:ca:d5:cf:a1:a3],status=0,exception=null,report=null]
org.snmp4j.util.TableEvent[index=7.8,vbs=[1.3.6.1.4.1.3902.4101.1.3.1.7.8 = 31:2e:20:b8:c3:c2:b7:b8:c9:bd:d3:b5:e3:b8:e6:be:af:b5:c4:b3:a3:bf:aa:b3:a3:b1:d5:c9:e8:d6:c3:b4:ed:ce:f3:a1:a3:0a:32:2e:20:cf:df:c0:c2:c1:ac:bd:d3:b2:bb:d5:fd:c8:b7:bb:f2:cf:df:c0:c2:b9:ca:d5:cf:a1:a3:0a:33:2e:20:b7:c0:b3:be:cd:f8:b6:c2:c8:fb:a1:a3],status=0,exception=null,report=null]
org.snmp4j.util.TableEvent[index=7.9,vbs=[1.3.6.1.4.1.3902.4101.1.3.1.7.9 = 31:2e:20:ce:de:bf:c9:d3:c3:31:35:38:38:ca:b1:d6:d3:c1:b4:c2:b7:cd:a8:b5:c0:a1:a3:0a:32:2e:20:ce:de:b7:a8:b8:fa:31:35:38:38:ca:b1:d6:d3:c1:b4:c2:b7:b5:c4:d6:f7:ca:b1:d6:d3:c8:a1:b5:c3:c1:aa:cf:b5:a1:a3:0a:33:2e:20:31:35:38:38:ca:b1:d6:d3:c1:b4:c2:b7:b5:c4:cd:f8:c2:e7:d3:b5:c8:fb:b1:c8:bd:cf:d1:cf:d6:d8:a1:a3:0a:34:2e:20:c6:f4:d3:c3:c1:cb:b1:ea:d7:bc:b1:a8:ce:c4:b8:f1:ca:bd:d6:a7:b3:d6:a3:ac:bf:c9:ca:c7:c1:b4:c2:b7:d6:f7:ca:b1:d6:d3:b5:c4:ca:b1:d6:d3:d4:b4:b2:bb:bf:c9:b8:fa:d7:d9:a1:a3],status=0,exception=null,report=null]
org.snmp4j.util.TableEvent[index=7.10,vbs=[1.3.6.1.4.1.3902.4101.1.3.1.7.10 = 31:2e:20:cc:ec:c0:a1:cf:df:c0:c2:bd:d3:cd:b7:d6:c6:d7:f7:b2:bb:ba:cf:b8:f1:a1:a2:ce:b4:c5:a1:bd:f4:a1:a2:bd:f8:cb:ae:bb:f2:b4:e6:d4:da:bd:f0:ca:f4:cb:e9:d0:bc:b5:c8:d2:ec:ce:ef:a1:a3:0a:32:2e:20:cc:ec:c0:a1:cf:df:c0:c2:b4:e6:d4:da:bc:b7:d1:b9:a1:a2:cd:e4:d5:db:a3:ac:bb:f2:c0:a1:c0:c2:cb:f0:bb:b5:a1:a3:0a:33:2e:20:c9:e4:c6:b5:b5:a5:d4:aa:d3:b2:bc:fe:b9:ca:d5:cf:a1:a3:0a:34:2e:20:cc:ec:cf:df:b6:d4:d7:c5:d5:cf:b0:ad:ce:ef:a1:a3:0a:35:2e:20:d7:a4:b2:a8:b1:c8:b8:e6:be:af:c3:c5:cf:de:b9:fd:b5:cd:a1:a3],status=0,exception=null,report=null]
org.snmp4j.util.TableEvent[index=7.11,vbs=[1.3.6.1.4.1.3902.4101.1.3.1.7.11 = cd:f8:d4:aa:d3:eb:4f:4d:4d:b7:fe:ce:f1:c6:f7:c1:b4:c2:b7:b6:cf:2e],status=0,exception=null,report=null]
org.snmp4j.util.TableEvent[index=7.12,vbs=[1.3.6.1.4.1.3902.4101.1.3.1.7.12 = cd:f8:d4:aa:d3:eb:4f:4d:4d:b7:fe:ce:f1:c6:f7:c1:b4:c2:b7:b6:cf:2e],status=0,exception=null,report=null]
org.snmp4j.util.TableEvent[index=7.13,vbs=[1.3.6.1.4.1.3902.4101.1.3.1.7.13 = cd:f8:d4:aa:d3:eb:4f:4d:4d:b7:fe:ce:f1:c6:f7:c1:b4:c2:b7:b6:cf:2e],status=0,exception=null,report=null]
org.snmp4j.util.TableEvent[index=7.14,vbs=[1.3.6.1.4.1.3902.4101.1.3.1.7.14 = cd:f8:d4:aa:d3:eb:4f:4d:4d:b7:fe:ce:f1:c6:f7:c1:b4:c2:b7:b6:cf:2e],status=0,exception=null,report=null]
org.snmp4j.util.TableEvent[index=7.15,vbs=[1.3.6.1.4.1.3902.4101.1.3.1.7.15 = cd:f8:d4:aa:d3:eb:4f:4d:4d:b7:fe:ce:f1:c6:f7:c1:b4:c2:b7:b6:cf:2e],status=0,exception=null,report=null]
org.snmp4j.util.TableEvent[index=7.16,vbs=[1.3.6.1.4.1.3902.4101.1.3.1.7.16 = cd:f8:d4:aa:d3:eb:4f:4d:4d:b7:fe:ce:f1:c6:f7:c1:b4:c2:b7:b6:cf:2e],status=0,exception=null,report=null]
org.snmp4j.util.TableEvent[index=7.17,vbs=[1.3.6.1.4.1.3902.4101.1.3.1.7.17 = cd:f8:d4:aa:d3:eb:4f:4d:4d:b7:fe:ce:f1:c6:f7:c1:b4:c2:b7:b6:cf:2e],status=0,exception=null,report=null]
org.snmp4j.util.TableEvent[index=7.18,vbs=[1.3.6.1.4.1.3902.4101.1.3.1.7.18 = cd:f8:d4:aa:d3:eb:4f:4d:4d:b7:fe:ce:f1:c6:f7:c1:b4:c2:b7:b6:cf:2e],status=0,exception=null,report=null]
org.snmp4j.util.TableEvent[index=7.19,vbs=[1.3.6.1.4.1.3902.4101.1.3.1.7.19 = cd:f8:d4:aa:d3:eb:4f:4d:4d:b7:fe:ce:f1:c6:f7:c1:b4:c2:b7:b6:cf:2e],status=0,exception=null,report=null]
org.snmp4j.util.TableEvent[index=7.20,vbs=[1.3.6.1.4.1.3902.4101.1.3.1.7.20 = cd:f8:d4:aa:d3:eb:4f:4d:4d:b7:fe:ce:f1:c6:f7:c1:b4:c2:b7:b6:cf:2e],status=0,exception=null,report=null]
org.snmp4j.util.TableEvent[index=7.21,vbs=[1.3.6.1.4.1.3902.4101.1.3.1.7.21 = cd:f8:d4:aa:d3:eb:4f:4d:4d:b7:fe:ce:f1:c6:f7:c1:b4:c2:b7:b6:cf:2e],status=0,exception=null,report=null]
org.snmp4j.util.TableEvent[index=7.22,vbs=[1.3.6.1.4.1.3902.4101.1.3.1.7.22 = cd:f8:d4:aa:d3:eb:4f:4d:4d:b7:fe:ce:f1:c6:f7:c1:b4:c2:b7:b6:cf:2e],status=0,exception=null,report=null]
org.snmp4j.util.TableEvent[index=7.23,vbs=[1.3.6.1.4.1.3902.4101.1.3.1.7.23 = cd:f8:d4:aa:d3:eb:4f:4d:4d:b7:fe:ce:f1:c6:f7:c1:b4:c2:b7:b6:cf:2e],status=0,exception=null,report=null]
org.snmp4j.util.TableEvent[index=7.24,vbs=[1.3.6.1.4.1.3902.4101.1.3.1.7.24 = ],status=0,exception=null,report=null]
org.snmp4j.util.TableEvent[index=7.25,vbs=[1.3.6.1.4.1.3902.4101.1.3.1.7.25 = cd:f8:d4:aa:d3:eb:4f:4d:4d:b7:fe:ce:f1:c6:f7:c1:b4:c2:b7:b6:cf:2e],status=0,exception=null,report=null]
org.snmp4j.util.TableEvent[index=7.26,vbs=[1.3.6.1.4.1.3902.4101.1.3.1.7.26 = ],status=0,exception=null,report=null]
org.snmp4j.util.TableEvent[index=7.27,vbs=[1.3.6.1.4.1.3902.4101.1.3.1.7.27 = ],status=0,exception=null,report=null]
org.snmp4j.util.TableEvent[index=8.1,vbs=[1.3.6.1.4.1.3902.4101.1.3.1.8.1 = RX   -ANT0; 1,N],status=0,exception=null,report=null]
org.snmp4j.util.TableEvent[index=8.2,vbs=[1.3.6.1.4.1.3902.4101.1.3.1.8.2 = b9:fd:ce:c2],status=0,exception=null,report=null]
org.snmp4j.util.TableEvent[index=8.3,vbs=[1.3.6.1.4.1.3902.4101.1.3.1.8.3 = b8:c9:bd:d3:b5:e3:ba:c5:3a:20:36:35:35:33:36:30:30:3b:20:31:2c:33:3b:20:54:44:53:3a:20:d0:a1:c7:f8:49:44:3d:33:26:43:50:3d:31:2c:20:d0:a1:c7:f8:49:44:3d:34:26:43:50:3d:32],status=0,exception=null,report=null]
org.snmp4j.util.TableEvent[index=8.4,vbs=[1.3.6.1.4.1.3902.4101.1.3.1.8.4 = b9:e2:bf:da:31:b6:d4:d3:a6:b5:c4:c9:cf:c1:aa:b9:e2:bf:da:3a:b9:e2:bf:da:33:b6:d4:d3:a6:b5:c4:c9:cf:c1:aa:b9:e2:bf:da:3a:b9:e2:bf:da:35:b6:d4:d3:a6:b5:c4:c9:cf:c1:aa:b9:e2:bf:da:3a:b9:e2:bf:da:37:b6:d4:d3:a6:b5:c4:c9:cf:c1:aa:b9:e2:bf:da:3a:b9:e2:bf:da:39:b6:d4:d3:a6:b5:c4:c9:cf:c1:aa:b9:e2:bf:da:3a:b9:e2:bf:da:31:31:b6:d4:d3:a6:b5:c4:c9:cf:c1:aa:b9:e2:bf:da:3a:4d:43:55:c6:f4:b6:af:c2:b7:be:b6:b5:c4:d7:ee:ba:f3:c8:fd:b2:bd:a3:ba:31:33:2c:20:31:34:2c:20:31:35],status=0,exception=null,report=null]
org.snmp4j.util.TableEvent[index=8.5,vbs=[1.3.6.1.4.1.3902.4101.1.3.1.8.5 = ],status=0,exception=null,report=null]
org.snmp4j.util.TableEvent[index=8.6,vbs=[1.3.6.1.4.1.3902.4101.1.3.1.8.6 = ce:b4:bd:d3:ca:d5:b5:bd:b9:e2:d0:c5:ba:c5:2c:20:b9:e2:bf:da:33:b6:d4:d3:a6:b5:c4:c9:cf:c1:aa:b9:e2:bf:da],status=0,exception=null,report=null]
org.snmp4j.util.TableEvent[index=8.7,vbs=[1.3.6.1.4.1.3902.4101.1.3.1.8.7 = ca:e4:c8:eb:b8:c9:bd:d3:b5:e3:30],status=0,exception=null,report=null]
org.snmp4j.util.TableEvent[index=8.8,vbs=[1.3.6.1.4.1.3902.4101.1.3.1.8.8 = b8:c9:bd:d3:b5:e3:ba:c5:3a:20:30],status=0,exception=null,report=null]
org.snmp4j.util.TableEvent[index=8.9,vbs=[1.3.6.1.4.1.3902.4101.1.3.1.8.9 = d2:ec:b3:a3:c1:b4:c2:b7:ba:c5:3a:20:31],status=0,exception=null,report=null]
org.snmp4j.util.TableEvent[index=8.10,vbs=[1.3.6.1.4.1.3902.4101.1.3.1.8.10 = TX-ANT1],status=0,exception=null,report=null]
org.snmp4j.util.TableEvent[index=8.11,vbs=[1.3.6.1.4.1.3902.4101.1.3.1.8.11 = 49:50:3a:20:31:30:30:2e:39:32:2e:31:33:34:2e:31:38:30:2c:20:4f:4d:43:cd:a8:b5:c0:d2:ec:b3:a3:3b:20:54:44:4c:20:65:4e:42:49:64:3a:33:35:37:31:39:37],status=0,exception=null,report=null]
org.snmp4j.util.TableEvent[index=8.12,vbs=[1.3.6.1.4.1.3902.4101.1.3.1.8.12 = 49:50:3a:20:31:30:30:2e:39:32:2e:31:34:37:2e:32:39:2c:20:4f:4d:43:cd:a8:b5:c0:d2:ec:b3:a3:3b:20:54:44:4c:20:65:4e:42:49:64:3a:38:31:37:31:37:32],status=0,exception=null,report=null]
org.snmp4j.util.TableEvent[index=8.13,vbs=[1.3.6.1.4.1.3902.4101.1.3.1.8.13 = 49:50:3a:20:31:30:30:2e:39:32:2e:31:34:30:2e:35:34:2c:20:4f:4d:43:cd:a8:b5:c0:d2:ec:b3:a3:3b:20:54:44:4c:20:65:4e:42:49:64:3a:37:39:33:38:31:39],status=0,exception=null,report=null]
org.snmp4j.util.TableEvent[index=8.14,vbs=[1.3.6.1.4.1.3902.4101.1.3.1.8.14 = 49:50:3a:20:31:30:2e:39:2e:32:2e:31:31:2c:20:4f:4d:43:cd:a8:b5:c0:d2:ec:b3:a3:3b:20:54:44:4c:20:65:4e:42:49:64:3a:33:35:36:39:34:31],status=0,exception=null,report=null]
org.snmp4j.util.TableEvent[index=8.15,vbs=[1.3.6.1.4.1.3902.4101.1.3.1.8.15 = 49:50:3a:20:31:30:2e:39:2e:31:39:33:2e:31:35:35:2c:20:4f:4d:43:cd:a8:b5:c0:d2:ec:b3:a3],status=0,exception=null,report=null]
org.snmp4j.util.TableEvent[index=8.16,vbs=[1.3.6.1.4.1.3902.4101.1.3.1.8.16 = 49:50:3a:20:31:30:30:2e:39:32:2e:31:33:38:2e:31:38:34:2c:20:4f:4d:43:cd:a8:b5:c0:d2:ec:b3:a3:3b:20:54:44:4c:20:65:4e:42:49:64:3a:33:35:37:35:30:33],status=0,exception=null,report=null]
org.snmp4j.util.TableEvent[index=8.17,vbs=[1.3.6.1.4.1.3902.4101.1.3.1.8.17 = 49:50:3a:20:31:30:2e:39:2e:31:39:30:2e:31:34:31:2c:20:4f:4d:43:cd:a8:b5:c0:d2:ec:b3:a3:3b:20:4c:20:65:4e:42:49:64:3a:30],status=0,exception=null,report=null]
org.snmp4j.util.TableEvent[index=8.18,vbs=[1.3.6.1.4.1.3902.4101.1.3.1.8.18 = 49:50:3a:20:31:30:2e:39:2e:39:33:2e:31:34:33:2c:20:4f:4d:43:cd:a8:b5:c0:d2:ec:b3:a3],status=0,exception=null,report=null]
org.snmp4j.util.TableEvent[index=8.19,vbs=[1.3.6.1.4.1.3902.4101.1.3.1.8.19 = 49:50:3a:20:31:30:30:2e:39:32:2e:31:33:32:2e:34:34:2c:20:4f:4d:43:cd:a8:b5:c0:d2:ec:b3:a3:3b:20:54:44:4c:20:65:4e:42:49:64:3a:33:35:37:35:32:35],status=0,exception=null,report=null]
org.snmp4j.util.TableEvent[index=8.20,vbs=[1.3.6.1.4.1.3902.4101.1.3.1.8.20 = 49:50:3a:20:31:2e:31:2e:31:2e:31:2c:20:4f:4d:43:cd:a8:b5:c0:d2:ec:b3:a3],status=0,exception=null,report=null]
org.snmp4j.util.TableEvent[index=8.21,vbs=[1.3.6.1.4.1.3902.4101.1.3.1.8.21 = 49:50:3a:20:31:30:30:2e:39:32:2e:31:33:36:2e:32:37:2c:20:4f:4d:43:cd:a8:b5:c0:d2:ec:b3:a3:3b:20:54:44:4c:20:65:4e:42:49:64:3a:33:35:37:36:36:32],status=0,exception=null,report=null]
org.snmp4j.util.TableEvent[index=8.22,vbs=[1.3.6.1.4.1.3902.4101.1.3.1.8.22 = 49:50:3a:20:31:30:30:2e:39:32:2e:31:33:39:2e:37:33:2c:20:4f:4d:43:cd:a8:b5:c0:d2:ec:b3:a3:3b:20:54:44:4c:20:65:4e:42:49:64:3a:33:35:36:39:36:34],status=0,exception=null,report=null]
org.snmp4j.util.TableEvent[index=8.23,vbs=[1.3.6.1.4.1.3902.4101.1.3.1.8.23 = 49:50:3a:20:31:30:30:2e:39:32:2e:31:34:37:2e:32:34:30:2c:20:4f:4d:43:cd:a8:b5:c0:d2:ec:b3:a3:3b:20:54:44:4c:20:65:4e:42:49:64:3a:38:31:37:30:36:39],status=0,exception=null,report=null]
org.snmp4j.util.TableEvent[index=8.24,vbs=[1.3.6.1.4.1.3902.4101.1.3.1.8.24 = d3:a6:d3:c3:b7:fe:ce:f1:c6:f7:20:73:75:73:65:28:31:30:2e:39:2e:31:37:37:2e:32:34:33:29:a3:ac:d3:b2:c5:cc:a3:ba:2f:64:65:76:2f:6d:61:70:70:65:72:2f:73:79:73:74:65:6d:5f:36:35:36:34:2d:4c:6f:67:56:6f:6c:48:6f:6d:65:ca:b9:d3:c3:b3:ac:b9:fd:bc:e0:bf:d8:e3:d0:d6:b5:a3:a1:28:20:20:ca:b9:d3:c3:a3:ba:37:34:2e:35:33:25:a3:ac:e3:d0:d6:b5:ce:aa:a3:ba:5b:d1:cf:d6:d8:a3:ba:39:30:25:5d:5b:d6:d8:d2:aa:a3:ba:38:35:25:5d:5b:c6:d5:cd:a8:a3:ba:38:30:25:5d:5b:c7:e1:ce:a2:a3:ba:37:30:25:5d:20:29],status=0,exception=null,report=null]
org.snmp4j.util.TableEvent[index=8.25,vbs=[1.3.6.1.4.1.3902.4101.1.3.1.8.25 = 49:50:3a:20:31:30:2e:35:2e:31:32:38:2e:31:31:31:2c:20:4f:4d:43:cd:a8:b5:c0:d2:ec:b3:a3],status=0,exception=null,report=null]
org.snmp4j.util.TableEvent[index=8.26,vbs=[1.3.6.1.4.1.3902.4101.1.3.1.8.26 = d6:b4:d0:d0:ca:fd:be:dd:bf:e2:c3:fc:c1:ee:ca:a7:b0:dc:a1:a3],status=0,exception=null,report=null]
org.snmp4j.util.TableEvent[index=8.27,vbs=[1.3.6.1.4.1.3902.4101.1.3.1.8.27 = d6:b4:d0:d0:ca:fd:be:dd:bf:e2:c3:fc:c1:ee:ca:a7:b0:dc:a1:a3],status=0,exception=null,report=null]
org.snmp4j.util.TableEvent[index=9.1,vbs=[1.3.6.1.4.1.3902.4101.1.3.1.9.1 = 1],status=0,exception=null,report=null]
org.snmp4j.util.TableEvent[index=9.2,vbs=[1.3.6.1.4.1.3902.4101.1.3.1.9.2 = 2],status=0,exception=null,report=null]
org.snmp4j.util.TableEvent[index=9.3,vbs=[1.3.6.1.4.1.3902.4101.1.3.1.9.3 = 3],status=0,exception=null,report=null]
org.snmp4j.util.TableEvent[index=9.4,vbs=[1.3.6.1.4.1.3902.4101.1.3.1.9.4 = 4],status=0,exception=null,report=null]
org.snmp4j.util.TableEvent[index=9.5,vbs=[1.3.6.1.4.1.3902.4101.1.3.1.9.5 = 5],status=0,exception=null,report=null]
org.snmp4j.util.TableEvent[index=9.6,vbs=[1.3.6.1.4.1.3902.4101.1.3.1.9.6 = 6],status=0,exception=null,report=null]
org.snmp4j.util.TableEvent[index=9.7,vbs=[1.3.6.1.4.1.3902.4101.1.3.1.9.7 = 7],status=0,exception=null,report=null]
org.snmp4j.util.TableEvent[index=9.8,vbs=[1.3.6.1.4.1.3902.4101.1.3.1.9.8 = 8],status=0,exception=null,report=null]
org.snmp4j.util.TableEvent[index=9.9,vbs=[1.3.6.1.4.1.3902.4101.1.3.1.9.9 = 9],status=0,exception=null,report=null]
org.snmp4j.util.TableEvent[index=9.10,vbs=[1.3.6.1.4.1.3902.4101.1.3.1.9.10 = 10],status=0,exception=null,report=null]
org.snmp4j.util.TableEvent[index=9.11,vbs=[1.3.6.1.4.1.3902.4101.1.3.1.9.11 = 11],status=0,exception=null,report=null]
org.snmp4j.util.TableEvent[index=9.12,vbs=[1.3.6.1.4.1.3902.4101.1.3.1.9.12 = 12],status=0,exception=null,report=null]
org.snmp4j.util.TableEvent[index=9.13,vbs=[1.3.6.1.4.1.3902.4101.1.3.1.9.13 = 13],status=0,exception=null,report=null]
org.snmp4j.util.TableEvent[index=9.14,vbs=[1.3.6.1.4.1.3902.4101.1.3.1.9.14 = 14],status=0,exception=null,report=null]
org.snmp4j.util.TableEvent[index=9.15,vbs=[1.3.6.1.4.1.3902.4101.1.3.1.9.15 = 15],status=0,exception=null,report=null]
org.snmp4j.util.TableEvent[index=9.16,vbs=[1.3.6.1.4.1.3902.4101.1.3.1.9.16 = 16],status=0,exception=null,report=null]
org.snmp4j.util.TableEvent[index=9.17,vbs=[1.3.6.1.4.1.3902.4101.1.3.1.9.17 = 17],status=0,exception=null,report=null]
org.snmp4j.util.TableEvent[index=9.18,vbs=[1.3.6.1.4.1.3902.4101.1.3.1.9.18 = 18],status=0,exception=null,report=null]
org.snmp4j.util.TableEvent[index=9.19,vbs=[1.3.6.1.4.1.3902.4101.1.3.1.9.19 = 19],status=0,exception=null,report=null]
org.snmp4j.util.TableEvent[index=9.20,vbs=[1.3.6.1.4.1.3902.4101.1.3.1.9.20 = 20],status=0,exception=null,report=null]
org.snmp4j.util.TableEvent[index=9.21,vbs=[1.3.6.1.4.1.3902.4101.1.3.1.9.21 = 21],status=0,exception=null,report=null]
org.snmp4j.util.TableEvent[index=9.22,vbs=[1.3.6.1.4.1.3902.4101.1.3.1.9.22 = 22],status=0,exception=null,report=null]
org.snmp4j.util.TableEvent[index=9.23,vbs=[1.3.6.1.4.1.3902.4101.1.3.1.9.23 = 23],status=0,exception=null,report=null]
org.snmp4j.util.TableEvent[index=9.24,vbs=[1.3.6.1.4.1.3902.4101.1.3.1.9.24 = 24],status=0,exception=null,report=null]
org.snmp4j.util.TableEvent[index=9.25,vbs=[1.3.6.1.4.1.3902.4101.1.3.1.9.25 = 25],status=0,exception=null,report=null]
org.snmp4j.util.TableEvent[index=9.26,vbs=[1.3.6.1.4.1.3902.4101.1.3.1.9.26 = 26],status=0,exception=null,report=null]
org.snmp4j.util.TableEvent[index=9.27,vbs=[1.3.6.1.4.1.3902.4101.1.3.1.9.27 = 27],status=0,exception=null,report=null]
org.snmp4j.util.TableEvent[index=10.1,vbs=[1.3.6.1.4.1.3902.4101.1.3.1.10.1 = ],status=0,exception=null,report=null]
org.snmp4j.util.TableEvent[index=10.2,vbs=[1.3.6.1.4.1.3902.4101.1.3.1.10.2 = ],status=0,exception=null,report=null]
org.snmp4j.util.TableEvent[index=10.3,vbs=[1.3.6.1.4.1.3902.4101.1.3.1.10.3 = ],status=0,exception=null,report=null]
org.snmp4j.util.TableEvent[index=10.4,vbs=[1.3.6.1.4.1.3902.4101.1.3.1.10.4 = ],status=0,exception=null,report=null]
org.snmp4j.util.TableEvent[index=10.5,vbs=[1.3.6.1.4.1.3902.4101.1.3.1.10.5 = ],status=0,exception=null,report=null]
org.snmp4j.util.TableEvent[index=10.6,vbs=[1.3.6.1.4.1.3902.4101.1.3.1.10.6 = ],status=0,exception=null,report=null]
org.snmp4j.util.TableEvent[index=10.7,vbs=[1.3.6.1.4.1.3902.4101.1.3.1.10.7 = ],status=0,exception=null,report=null]
org.snmp4j.util.TableEvent[index=10.8,vbs=[1.3.6.1.4.1.3902.4101.1.3.1.10.8 = ],status=0,exception=null,report=null]
org.snmp4j.util.TableEvent[index=10.9,vbs=[1.3.6.1.4.1.3902.4101.1.3.1.10.9 = ],status=0,exception=null,report=null]
org.snmp4j.util.TableEvent[index=10.10,vbs=[1.3.6.1.4.1.3902.4101.1.3.1.10.10 = ],status=0,exception=null,report=null]
org.snmp4j.util.TableEvent[index=10.11,vbs=[1.3.6.1.4.1.3902.4101.1.3.1.10.11 = ],status=0,exception=null,report=null]
org.snmp4j.util.TableEvent[index=10.12,vbs=[1.3.6.1.4.1.3902.4101.1.3.1.10.12 = ],status=0,exception=null,report=null]
org.snmp4j.util.TableEvent[index=10.13,vbs=[1.3.6.1.4.1.3902.4101.1.3.1.10.13 = ],status=0,exception=null,report=null]
org.snmp4j.util.TableEvent[index=10.14,vbs=[1.3.6.1.4.1.3902.4101.1.3.1.10.14 = ],status=0,exception=null,report=null]
org.snmp4j.util.TableEvent[index=10.15,vbs=[1.3.6.1.4.1.3902.4101.1.3.1.10.15 = ],status=0,exception=null,report=null]
org.snmp4j.util.TableEvent[index=10.16,vbs=[1.3.6.1.4.1.3902.4101.1.3.1.10.16 = ],status=0,exception=null,report=null]
org.snmp4j.util.TableEvent[index=10.17,vbs=[1.3.6.1.4.1.3902.4101.1.3.1.10.17 = ],status=0,exception=null,report=null]
org.snmp4j.util.TableEvent[index=10.18,vbs=[1.3.6.1.4.1.3902.4101.1.3.1.10.18 = ],status=0,exception=null,report=null]
org.snmp4j.util.TableEvent[index=10.19,vbs=[1.3.6.1.4.1.3902.4101.1.3.1.10.19 = ],status=0,exception=null,report=null]
org.snmp4j.util.TableEvent[index=10.20,vbs=[1.3.6.1.4.1.3902.4101.1.3.1.10.20 = ],status=0,exception=null,report=null]
org.snmp4j.util.TableEvent[index=10.21,vbs=[1.3.6.1.4.1.3902.4101.1.3.1.10.21 = ],status=0,exception=null,report=null]
org.snmp4j.util.TableEvent[index=10.22,vbs=[1.3.6.1.4.1.3902.4101.1.3.1.10.22 = ],status=0,exception=null,report=null]
org.snmp4j.util.TableEvent[index=10.23,vbs=[1.3.6.1.4.1.3902.4101.1.3.1.10.23 = ],status=0,exception=null,report=null]
org.snmp4j.util.TableEvent[index=10.24,vbs=[1.3.6.1.4.1.3902.4101.1.3.1.10.24 = ],status=0,exception=null,report=null]
org.snmp4j.util.TableEvent[index=10.25,vbs=[1.3.6.1.4.1.3902.4101.1.3.1.10.25 = ],status=0,exception=null,report=null]
org.snmp4j.util.TableEvent[index=10.26,vbs=[1.3.6.1.4.1.3902.4101.1.3.1.10.26 = ],status=0,exception=null,report=null]
org.snmp4j.util.TableEvent[index=10.27,vbs=[1.3.6.1.4.1.3902.4101.1.3.1.10.27 = ],status=0,exception=null,report=null]
org.snmp4j.util.TableEvent[index=11.1,vbs=[1.3.6.1.4.1.3902.4101.1.3.1.11.1 = 198100283],status=0,exception=null,report=null]
org.snmp4j.util.TableEvent[index=11.2,vbs=[1.3.6.1.4.1.3902.4101.1.3.1.11.2 = 198092042],status=0,exception=null,report=null]
org.snmp4j.util.TableEvent[index=11.3,vbs=[1.3.6.1.4.1.3902.4101.1.3.1.11.3 = 198099900],status=0,exception=null,report=null]
org.snmp4j.util.TableEvent[index=11.4,vbs=[1.3.6.1.4.1.3902.4101.1.3.1.11.4 = 198097060],status=0,exception=null,report=null]
org.snmp4j.util.TableEvent[index=11.5,vbs=[1.3.6.1.4.1.3902.4101.1.3.1.11.5 = 198096837],status=0,exception=null,report=null]
org.snmp4j.util.TableEvent[index=11.6,vbs=[1.3.6.1.4.1.3902.4101.1.3.1.11.6 = 198097605],status=0,exception=null,report=null]
org.snmp4j.util.TableEvent[index=11.7,vbs=[1.3.6.1.4.1.3902.4101.1.3.1.11.7 = 198100078],status=0,exception=null,report=null]
org.snmp4j.util.TableEvent[index=11.8,vbs=[1.3.6.1.4.1.3902.4101.1.3.1.11.8 = 198092462],status=0,exception=null,report=null]
org.snmp4j.util.TableEvent[index=11.9,vbs=[1.3.6.1.4.1.3902.4101.1.3.1.11.9 = 198096831],status=0,exception=null,report=null]
org.snmp4j.util.TableEvent[index=11.10,vbs=[1.3.6.1.4.1.3902.4101.1.3.1.11.10 = 198098465],status=0,exception=null,report=null]
org.snmp4j.util.TableEvent[index=11.11,vbs=[1.3.6.1.4.1.3902.4101.1.3.1.11.11 = 198099803],status=0,exception=null,report=null]
org.snmp4j.util.TableEvent[index=11.12,vbs=[1.3.6.1.4.1.3902.4101.1.3.1.11.12 = 198099803],status=0,exception=null,report=null]
org.snmp4j.util.TableEvent[index=11.13,vbs=[1.3.6.1.4.1.3902.4101.1.3.1.11.13 = 198099803],status=0,exception=null,report=null]
org.snmp4j.util.TableEvent[index=11.14,vbs=[1.3.6.1.4.1.3902.4101.1.3.1.11.14 = 198099803],status=0,exception=null,report=null]
org.snmp4j.util.TableEvent[index=11.15,vbs=[1.3.6.1.4.1.3902.4101.1.3.1.11.15 = 198099803],status=0,exception=null,report=null]
org.snmp4j.util.TableEvent[index=11.16,vbs=[1.3.6.1.4.1.3902.4101.1.3.1.11.16 = 198099803],status=0,exception=null,report=null]
org.snmp4j.util.TableEvent[index=11.17,vbs=[1.3.6.1.4.1.3902.4101.1.3.1.11.17 = 198099803],status=0,exception=null,report=null]
org.snmp4j.util.TableEvent[index=11.18,vbs=[1.3.6.1.4.1.3902.4101.1.3.1.11.18 = 198099803],status=0,exception=null,report=null]
org.snmp4j.util.TableEvent[index=11.19,vbs=[1.3.6.1.4.1.3902.4101.1.3.1.11.19 = 198099803],status=0,exception=null,report=null]
org.snmp4j.util.TableEvent[index=11.20,vbs=[1.3.6.1.4.1.3902.4101.1.3.1.11.20 = 198099803],status=0,exception=null,report=null]
org.snmp4j.util.TableEvent[index=11.21,vbs=[1.3.6.1.4.1.3902.4101.1.3.1.11.21 = 198099803],status=0,exception=null,report=null]
org.snmp4j.util.TableEvent[index=11.22,vbs=[1.3.6.1.4.1.3902.4101.1.3.1.11.22 = 198099803],status=0,exception=null,report=null]
org.snmp4j.util.TableEvent[index=11.23,vbs=[1.3.6.1.4.1.3902.4101.1.3.1.11.23 = 198099803],status=0,exception=null,report=null]
org.snmp4j.util.TableEvent[index=11.24,vbs=[1.3.6.1.4.1.3902.4101.1.3.1.11.24 = 1004],status=0,exception=null,report=null]
org.snmp4j.util.TableEvent[index=11.25,vbs=[1.3.6.1.4.1.3902.4101.1.3.1.11.25 = 198099803],status=0,exception=null,report=null]
org.snmp4j.util.TableEvent[index=11.26,vbs=[1.3.6.1.4.1.3902.4101.1.3.1.11.26 = 1011],status=0,exception=null,report=null]
org.snmp4j.util.TableEvent[index=11.27,vbs=[1.3.6.1.4.1.3902.4101.1.3.1.11.27 = 1021],status=0,exception=null,report=null]
org.snmp4j.util.TableEvent[index=12.1,vbs=[1.3.6.1.4.1.3902.4101.1.3.1.12.1 = sdrmgr.NodeMe],status=0,exception=null,report=null]
org.snmp4j.util.TableEvent[index=12.2,vbs=[1.3.6.1.4.1.3902.4101.1.3.1.12.2 = sdrmgr.NodeMe],status=0,exception=null,report=null]
org.snmp4j.util.TableEvent[index=12.3,vbs=[1.3.6.1.4.1.3902.4101.1.3.1.12.3 = sdrmgr.NodeMe],status=0,exception=null,report=null]
org.snmp4j.util.TableEvent[index=12.4,vbs=[1.3.6.1.4.1.3902.4101.1.3.1.12.4 = sdrmgr.NodeMe],status=0,exception=null,report=null]
org.snmp4j.util.TableEvent[index=12.5,vbs=[1.3.6.1.4.1.3902.4101.1.3.1.12.5 = sdrmgr.NodeMe],status=0,exception=null,report=null]
org.snmp4j.util.TableEvent[index=12.6,vbs=[1.3.6.1.4.1.3902.4101.1.3.1.12.6 = sdrmgr.NodeMe],status=0,exception=null,report=null]
org.snmp4j.util.TableEvent[index=12.7,vbs=[1.3.6.1.4.1.3902.4101.1.3.1.12.7 = sdrmgr.NodeMe],status=0,exception=null,report=null]
org.snmp4j.util.TableEvent[index=12.8,vbs=[1.3.6.1.4.1.3902.4101.1.3.1.12.8 = sdrmgr.NodeMe],status=0,exception=null,report=null]
org.snmp4j.util.TableEvent[index=12.9,vbs=[1.3.6.1.4.1.3902.4101.1.3.1.12.9 = sdrmgr.NodeMe],status=0,exception=null,report=null]
org.snmp4j.util.TableEvent[index=12.10,vbs=[1.3.6.1.4.1.3902.4101.1.3.1.12.10 = sdrmgr.NodeMe],status=0,exception=null,report=null]
org.snmp4j.util.TableEvent[index=12.11,vbs=[1.3.6.1.4.1.3902.4101.1.3.1.12.11 = sdrmgr.NodeMe],status=0,exception=null,report=null]
org.snmp4j.util.TableEvent[index=12.12,vbs=[1.3.6.1.4.1.3902.4101.1.3.1.12.12 = sdrmgr.NodeMe],status=0,exception=null,report=null]
org.snmp4j.util.TableEvent[index=12.13,vbs=[1.3.6.1.4.1.3902.4101.1.3.1.12.13 = sdrmgr.NodeMe],status=0,exception=null,report=null]
org.snmp4j.util.TableEvent[index=12.14,vbs=[1.3.6.1.4.1.3902.4101.1.3.1.12.14 = sdrmgr.NodeMe],status=0,exception=null,report=null]
org.snmp4j.util.TableEvent[index=12.15,vbs=[1.3.6.1.4.1.3902.4101.1.3.1.12.15 = sdrmgr.NodeMe],status=0,exception=null,report=null]
org.snmp4j.util.TableEvent[index=12.16,vbs=[1.3.6.1.4.1.3902.4101.1.3.1.12.16 = sdrmgr.NodeMe],status=0,exception=null,report=null]
org.snmp4j.util.TableEvent[index=12.17,vbs=[1.3.6.1.4.1.3902.4101.1.3.1.12.17 = sdrmgr.NodeMe],status=0,exception=null,report=null]
org.snmp4j.util.TableEvent[index=12.18,vbs=[1.3.6.1.4.1.3902.4101.1.3.1.12.18 = sdrmgr.NodeMe],status=0,exception=null,report=null]
org.snmp4j.util.TableEvent[index=12.19,vbs=[1.3.6.1.4.1.3902.4101.1.3.1.12.19 = sdrmgr.NodeMe],status=0,exception=null,report=null]
org.snmp4j.util.TableEvent[index=12.20,vbs=[1.3.6.1.4.1.3902.4101.1.3.1.12.20 = sdrmgr.NodeMe],status=0,exception=null,report=null]
org.snmp4j.util.TableEvent[index=12.21,vbs=[1.3.6.1.4.1.3902.4101.1.3.1.12.21 = sdrmgr.NodeMe],status=0,exception=null,report=null]
org.snmp4j.util.TableEvent[index=12.22,vbs=[1.3.6.1.4.1.3902.4101.1.3.1.12.22 = sdrmgr.NodeMe],status=0,exception=null,report=null]
org.snmp4j.util.TableEvent[index=12.23,vbs=[1.3.6.1.4.1.3902.4101.1.3.1.12.23 = sdrmgr.NodeMe],status=0,exception=null,report=null]
org.snmp4j.util.TableEvent[index=12.24,vbs=[1.3.6.1.4.1.3902.4101.1.3.1.12.24 = sdrmgr.omm],status=0,exception=null,report=null]
org.snmp4j.util.TableEvent[index=12.25,vbs=[1.3.6.1.4.1.3902.4101.1.3.1.12.25 = sdrmgr.NodeMe],status=0,exception=null,report=null]
org.snmp4j.util.TableEvent[index=12.26,vbs=[1.3.6.1.4.1.3902.4101.1.3.1.12.26 = common_ems],status=0,exception=null,report=null]
org.snmp4j.util.TableEvent[index=12.27,vbs=[1.3.6.1.4.1.3902.4101.1.3.1.12.27 = common_ems],status=0,exception=null,report=null]
org.snmp4j.util.TableEvent[index=13.1,vbs=[1.3.6.1.4.1.3902.4101.1.3.1.13.1 = 1],status=0,exception=null,report=null]
org.snmp4j.util.TableEvent[index=13.2,vbs=[1.3.6.1.4.1.3902.4101.1.3.1.13.2 = 1],status=0,exception=null,report=null]
org.snmp4j.util.TableEvent[index=13.3,vbs=[1.3.6.1.4.1.3902.4101.1.3.1.13.3 = 1],status=0,exception=null,report=null]
org.snmp4j.util.TableEvent[index=13.4,vbs=[1.3.6.1.4.1.3902.4101.1.3.1.13.4 = 1],status=0,exception=null,report=null]
org.snmp4j.util.TableEvent[index=13.5,vbs=[1.3.6.1.4.1.3902.4101.1.3.1.13.5 = 1],status=0,exception=null,report=null]
org.snmp4j.util.TableEvent[index=13.6,vbs=[1.3.6.1.4.1.3902.4101.1.3.1.13.6 = 1],status=0,exception=null,report=null]
org.snmp4j.util.TableEvent[index=13.7,vbs=[1.3.6.1.4.1.3902.4101.1.3.1.13.7 = 1],status=0,exception=null,report=null]
org.snmp4j.util.TableEvent[index=13.8,vbs=[1.3.6.1.4.1.3902.4101.1.3.1.13.8 = 1],status=0,exception=null,report=null]
org.snmp4j.util.TableEvent[index=13.9,vbs=[1.3.6.1.4.1.3902.4101.1.3.1.13.9 = 1],status=0,exception=null,report=null]
org.snmp4j.util.TableEvent[index=13.10,vbs=[1.3.6.1.4.1.3902.4101.1.3.1.13.10 = 1],status=0,exception=null,report=null]
org.snmp4j.util.TableEvent[index=13.11,vbs=[1.3.6.1.4.1.3902.4101.1.3.1.13.11 = 1],status=0,exception=null,report=null]
org.snmp4j.util.TableEvent[index=13.12,vbs=[1.3.6.1.4.1.3902.4101.1.3.1.13.12 = 1],status=0,exception=null,report=null]
org.snmp4j.util.TableEvent[index=13.13,vbs=[1.3.6.1.4.1.3902.4101.1.3.1.13.13 = 1],status=0,exception=null,report=null]
org.snmp4j.util.TableEvent[index=13.14,vbs=[1.3.6.1.4.1.3902.4101.1.3.1.13.14 = 1],status=0,exception=null,report=null]
org.snmp4j.util.TableEvent[index=13.15,vbs=[1.3.6.1.4.1.3902.4101.1.3.1.13.15 = 1],status=0,exception=null,report=null]
org.snmp4j.util.TableEvent[index=13.16,vbs=[1.3.6.1.4.1.3902.4101.1.3.1.13.16 = 1],status=0,exception=null,report=null]
org.snmp4j.util.TableEvent[index=13.17,vbs=[1.3.6.1.4.1.3902.4101.1.3.1.13.17 = 1],status=0,exception=null,report=null]
org.snmp4j.util.TableEvent[index=13.18,vbs=[1.3.6.1.4.1.3902.4101.1.3.1.13.18 = 1],status=0,exception=null,report=null]
org.snmp4j.util.TableEvent[index=13.19,vbs=[1.3.6.1.4.1.3902.4101.1.3.1.13.19 = 1],status=0,exception=null,report=null]
org.snmp4j.util.TableEvent[index=13.20,vbs=[1.3.6.1.4.1.3902.4101.1.3.1.13.20 = 1],status=0,exception=null,report=null]
org.snmp4j.util.TableEvent[index=13.21,vbs=[1.3.6.1.4.1.3902.4101.1.3.1.13.21 = 1],status=0,exception=null,report=null]
org.snmp4j.util.TableEvent[index=13.22,vbs=[1.3.6.1.4.1.3902.4101.1.3.1.13.22 = 1],status=0,exception=null,report=null]
org.snmp4j.util.TableEvent[index=13.23,vbs=[1.3.6.1.4.1.3902.4101.1.3.1.13.23 = 1],status=0,exception=null,report=null]
org.snmp4j.util.TableEvent[index=13.24,vbs=[1.3.6.1.4.1.3902.4101.1.3.1.13.24 = 1],status=0,exception=null,report=null]
org.snmp4j.util.TableEvent[index=13.25,vbs=[1.3.6.1.4.1.3902.4101.1.3.1.13.25 = 1],status=0,exception=null,report=null]
org.snmp4j.util.TableEvent[index=13.26,vbs=[1.3.6.1.4.1.3902.4101.1.3.1.13.26 = 1],status=0,exception=null,report=null]
org.snmp4j.util.TableEvent[index=13.27,vbs=[1.3.6.1.4.1.3902.4101.1.3.1.13.27 = 1],status=0,exception=null,report=null]
org.snmp4j.util.TableEvent[index=14.1,vbs=[1.3.6.1.4.1.3902.4101.1.3.1.14.1 = d6:c7:c4:dc:cc:ec:cf:df:d0:a3:d7:bc:d2:ec:b3:a3],status=0,exception=null,report=null]
org.snmp4j.util.TableEvent[index=14.2,vbs=[1.3.6.1.4.1.3902.4101.1.3.1.14.2 = bd:f8:b7:e7:bf:da:ce:c2:b6:c8:d2:ec:b3:a3],status=0,exception=null,report=null]
org.snmp4j.util.TableEvent[index=14.3,vbs=[1.3.6.1.4.1.3902.4101.1.3.1.14.3 = d0:ee:b5:e7:b3:d8:b7:e7:c9:c8:cd:a3:d7:aa],status=0,exception=null,report=null]
org.snmp4j.util.TableEvent[index=14.4,vbs=[1.3.6.1.4.1.3902.4101.1.3.1.14.4 = b5:a5:b0:e5:cd:a8:d1:b6:c1:b4:c2:b7:b6:cf],status=0,exception=null,report=null]
org.snmp4j.util.TableEvent[index=14.5,vbs=[1.3.6.1.4.1.3902.4101.1.3.1.14.5 = 47:4e:53:53:bd:d3:ca:d5:bb:fa:cb:d1:d0:c7:b9:ca:d5:cf],status=0,exception=null,report=null]
org.snmp4j.util.TableEvent[index=14.6,vbs=[1.3.6.1.4.1.3902.4101.1.3.1.14.6 = 52:52:55:c1:b4:c2:b7:b6:cf],status=0,exception=null,report=null]
org.snmp4j.util.TableEvent[index=14.7,vbs=[1.3.6.1.4.1.3902.4101.1.3.1.14.7 = c7:b6:c8:eb:ca:bd:b5:e7:d4:b4:ca:e4:c8:eb:b8:c9:bd:d3:b5:e3:31:d2:ec:b3:a3],status=0,exception=null,report=null]
org.snmp4j.util.TableEvent[index=14.8,vbs=[1.3.6.1.4.1.3902.4101.1.3.1.14.8 = b7:c0:b3:be:cd:f8:d7:e8:c8:fb],status=0,exception=null,report=null]
org.snmp4j.util.TableEvent[index=14.9,vbs=[1.3.6.1.4.1.3902.4101.1.3.1.14.9 = 31:35:38:38:ca:b1:d6:d3:d4:b4:d2:ec:b3:a3],status=0,exception=null,report=null]
org.snmp4j.util.TableEvent[index=14.10,vbs=[1.3.6.1.4.1.3902.4101.1.3.1.14.10 = cc:ec:c0:a1:d7:a4:b2:a8:b1:c8:d2:ec:b3:a3],status=0,exception=null,report=null]
org.snmp4j.util.TableEvent[index=14.11,vbs=[1.3.6.1.4.1.3902.4101.1.3.1.14.11 = cd:f8:d4:aa:b6:cf:c1:b4:b8:e6:be:af],status=0,exception=null,report=null]
org.snmp4j.util.TableEvent[index=14.12,vbs=[1.3.6.1.4.1.3902.4101.1.3.1.14.12 = cd:f8:d4:aa:b6:cf:c1:b4:b8:e6:be:af],status=0,exception=null,report=null]
org.snmp4j.util.TableEvent[index=14.13,vbs=[1.3.6.1.4.1.3902.4101.1.3.1.14.13 = cd:f8:d4:aa:b6:cf:c1:b4:b8:e6:be:af],status=0,exception=null,report=null]
org.snmp4j.util.TableEvent[index=14.14,vbs=[1.3.6.1.4.1.3902.4101.1.3.1.14.14 = cd:f8:d4:aa:b6:cf:c1:b4:b8:e6:be:af],status=0,exception=null,report=null]
org.snmp4j.util.TableEvent[index=14.15,vbs=[1.3.6.1.4.1.3902.4101.1.3.1.14.15 = cd:f8:d4:aa:b6:cf:c1:b4:b8:e6:be:af],status=0,exception=null,report=null]
org.snmp4j.util.TableEvent[index=14.16,vbs=[1.3.6.1.4.1.3902.4101.1.3.1.14.16 = cd:f8:d4:aa:b6:cf:c1:b4:b8:e6:be:af],status=0,exception=null,report=null]
org.snmp4j.util.TableEvent[index=14.17,vbs=[1.3.6.1.4.1.3902.4101.1.3.1.14.17 = cd:f8:d4:aa:b6:cf:c1:b4:b8:e6:be:af],status=0,exception=null,report=null]
org.snmp4j.util.TableEvent[index=14.18,vbs=[1.3.6.1.4.1.3902.4101.1.3.1.14.18 = cd:f8:d4:aa:b6:cf:c1:b4:b8:e6:be:af],status=0,exception=null,report=null]
org.snmp4j.util.TableEvent[index=14.19,vbs=[1.3.6.1.4.1.3902.4101.1.3.1.14.19 = cd:f8:d4:aa:b6:cf:c1:b4:b8:e6:be:af],status=0,exception=null,report=null]
org.snmp4j.util.TableEvent[index=14.20,vbs=[1.3.6.1.4.1.3902.4101.1.3.1.14.20 = cd:f8:d4:aa:b6:cf:c1:b4:b8:e6:be:af],status=0,exception=null,report=null]
org.snmp4j.util.TableEvent[index=14.21,vbs=[1.3.6.1.4.1.3902.4101.1.3.1.14.21 = cd:f8:d4:aa:b6:cf:c1:b4:b8:e6:be:af],status=0,exception=null,report=null]
org.snmp4j.util.TableEvent[index=14.22,vbs=[1.3.6.1.4.1.3902.4101.1.3.1.14.22 = cd:f8:d4:aa:b6:cf:c1:b4:b8:e6:be:af],status=0,exception=null,report=null]
org.snmp4j.util.TableEvent[index=14.23,vbs=[1.3.6.1.4.1.3902.4101.1.3.1.14.23 = cd:f8:d4:aa:b6:cf:c1:b4:b8:e6:be:af],status=0,exception=null,report=null]
org.snmp4j.util.TableEvent[index=14.24,vbs=[1.3.6.1.4.1.3902.4101.1.3.1.14.24 = d3:a6:d3:c3:b7:fe:ce:f1:c6:f7:d3:b2:c5:cc:ca:b9:d3:c3:c2:ca:b3:ac:b1:ea],status=0,exception=null,report=null]
org.snmp4j.util.TableEvent[index=14.25,vbs=[1.3.6.1.4.1.3902.4101.1.3.1.14.25 = cd:f8:d4:aa:b6:cf:c1:b4:b8:e6:be:af],status=0,exception=null,report=null]
org.snmp4j.util.TableEvent[index=14.26,vbs=[1.3.6.1.4.1.3902.4101.1.3.1.14.26 = ca:fd:be:dd:bf:e2:d5:fb:bf:e2:bd:e1:b9:b9:b1:b8:b7:dd:c8:ce:ce:f1:d6:b4:d0:d0:ca:a7:b0:dc],status=0,exception=null,report=null]
org.snmp4j.util.TableEvent[index=14.27,vbs=[1.3.6.1.4.1.3902.4101.1.3.1.14.27 = ca:fd:be:dd:bf:e2:bb:f9:b4:a1:ca:fd:be:dd:b1:b8:b7:dd:c8:ce:ce:f1:d6:b4:d0:d0:ca:a7:b0:dc],status=0,exception=null,report=null]
org.snmp4j.util.TableEvent[index=15.1,vbs=[1.3.6.1.4.1.3902.4101.1.3.1.15.1 = 53:44:52:28:30:29:2c:45:71:75:69:70:6d:65:6e:74:3d:31:2c:bb:fa:bc:dc:28:4d:4f:20:53:44:52:29:3d:31:2c:bb:fa:bf:f2:28:4d:4f:20:53:44:52:29:3d:31:2c:b5:a5:b0:e5:28:4d:4f:20:53:44:52:29:3d:31],status=0,exception=null,report=null]
org.snmp4j.util.TableEvent[index=15.2,vbs=[1.3.6.1.4.1.3902.4101.1.3.1.15.2 = 53:44:52:28:30:29:2c:45:71:75:69:70:6d:65:6e:74:3d:31:2c:bb:fa:bc:dc:28:4d:4f:20:53:44:52:29:3d:31:2c:bb:fa:bf:f2:28:4d:4f:20:53:44:52:29:3d:31:2c:b5:a5:b0:e5:28:4d:4f:20:53:44:52:29:3d:31],status=0,exception=null,report=null]
org.snmp4j.util.TableEvent[index=15.3,vbs=[1.3.6.1.4.1.3902.4101.1.3.1.15.3 = 53:44:52:28:30:29:2c:45:71:75:69:70:6d:65:6e:74:3d:31:2c:bb:fa:bc:dc:28:4d:4f:20:53:44:52:29:3d:31:2c:bb:fa:bf:f2:28:4d:4f:20:53:44:52:29:3d:31:2c:b5:a5:b0:e5:28:4d:4f:20:53:44:52:29:3d:31],status=0,exception=null,report=null]
org.snmp4j.util.TableEvent[index=15.4,vbs=[1.3.6.1.4.1.3902.4101.1.3.1.15.4 = 53:44:52:28:30:29:2c:45:71:75:69:70:6d:65:6e:74:3d:31:2c:bb:fa:bc:dc:28:4d:4f:20:53:44:52:29:3d:35:31:2c:bb:fa:bf:f2:28:4d:4f:20:53:44:52:29:3d:31:2c:b5:a5:b0:e5:28:4d:4f:20:53:44:52:29:3d:31],status=0,exception=null,report=null]
org.snmp4j.util.TableEvent[index=15.5,vbs=[1.3.6.1.4.1.3902.4101.1.3.1.15.5 = 53:44:52:28:30:29:2c:45:71:75:69:70:6d:65:6e:74:3d:31:2c:bb:fa:bc:dc:28:4d:4f:20:53:44:52:29:3d:31:2c:bb:fa:bf:f2:28:4d:4f:20:53:44:52:29:3d:31:2c:b5:a5:b0:e5:28:4d:4f:20:53:44:52:29:3d:31],status=0,exception=null,report=null]
org.snmp4j.util.TableEvent[index=15.6,vbs=[1.3.6.1.4.1.3902.4101.1.3.1.15.6 = 53:44:52:28:30:29:2c:45:71:75:69:70:6d:65:6e:74:3d:31:2c:bb:fa:bc:dc:28:4d:4f:20:53:44:52:29:3d:31:2c:bb:fa:bf:f2:28:4d:4f:20:53:44:52:29:3d:31:2c:b5:a5:b0:e5:28:4d:4f:20:53:44:52:29:3d:31],status=0,exception=null,report=null]
org.snmp4j.util.TableEvent[index=15.7,vbs=[1.3.6.1.4.1.3902.4101.1.3.1.15.7 = 53:44:52:28:30:29:2c:45:71:75:69:70:6d:65:6e:74:3d:31:2c:bb:fa:bc:dc:28:4d:4f:20:53:44:52:29:3d:31:2c:bb:fa:bf:f2:28:4d:4f:20:53:44:52:29:3d:31:2c:b5:a5:b0:e5:28:4d:4f:20:53:44:52:29:3d:31],status=0,exception=null,report=null]
org.snmp4j.util.TableEvent[index=15.8,vbs=[1.3.6.1.4.1.3902.4101.1.3.1.15.8 = 53:44:52:28:30:29:2c:45:71:75:69:70:6d:65:6e:74:3d:31:2c:bb:fa:bc:dc:28:4d:4f:20:53:44:52:29:3d:31:2c:bb:fa:bf:f2:28:4d:4f:20:53:44:52:29:3d:31:2c:b5:a5:b0:e5:28:4d:4f:20:53:44:52:29:3d:31],status=0,exception=null,report=null]
org.snmp4j.util.TableEvent[index=15.9,vbs=[1.3.6.1.4.1.3902.4101.1.3.1.15.9 = 53:44:52:28:30:29:2c:45:71:75:69:70:6d:65:6e:74:3d:31:2c:bb:fa:bc:dc:28:4d:4f:20:53:44:52:29:3d:31:2c:bb:fa:bf:f2:28:4d:4f:20:53:44:52:29:3d:31:2c:b5:a5:b0:e5:28:4d:4f:20:53:44:52:29:3d:31],status=0,exception=null,report=null]
org.snmp4j.util.TableEvent[index=15.10,vbs=[1.3.6.1.4.1.3902.4101.1.3.1.15.10 = 53:44:52:28:30:29:2c:45:71:75:69:70:6d:65:6e:74:3d:31:2c:bb:fa:bc:dc:28:4d:4f:20:53:44:52:29:3d:35:31:2c:bb:fa:bf:f2:28:4d:4f:20:53:44:52:29:3d:31:2c:b5:a5:b0:e5:28:4d:4f:20:53:44:52:29:3d:31],status=0,exception=null,report=null]
org.snmp4j.util.TableEvent[index=15.11,vbs=[1.3.6.1.4.1.3902.4101.1.3.1.15.11 = 4c:45:5a:30:31:31:37:30:30:53:5f:c0:f6:cc:ec:b4:f3:cf:c3:32:30:c2:a5:2d:e3:fc:d1:c5:bf:b5:c0:d6:b3:c7:28:33:35:37:31:39:37:29],status=0,exception=null,report=null]
org.snmp4j.util.TableEvent[index=15.12,vbs=[1.3.6.1.4.1.3902.4101.1.3.1.15.12 = 4c:44:5a:30:31:31:37:37:32:45:5f:cb:b4:d3:f1:d0:a1:c7:f8:b1:b1:c7:f8:34:33:ba:c5:c2:a5:33:2d:b8:bb:cf:b2:c1:fa:cf:ba:28:38:31:37:31:37:32:29],status=0,exception=null,report=null]
org.snmp4j.util.TableEvent[index=15.13,vbs=[1.3.6.1.4.1.3902.4101.1.3.1.15.13 = 4c:44:5a:30:31:31:37:35:37:45:5f:c9:bd:b6:ab:b2:c6:be:ad:b4:f3:d1:a7:34:ba:c5:c2:a5:31:2d:d1:a7:d4:ba:b6:fe:ca:b3:cc:c3:28:37:39:33:38:31:39:29],status=0,exception=null,report=null]
org.snmp4j.util.TableEvent[index=15.14,vbs=[1.3.6.1.4.1.3902.4101.1.3.1.15.14 = 4c:44:5a:30:31:31:30:38:31:48:5f:cb:b4:c8:aa:c2:c3:b9:dd:28:33:35:36:39:34:31:29],status=0,exception=null,report=null]
org.snmp4j.util.TableEvent[index=15.15,vbs=[1.3.6.1.4.1.3902.4101.1.3.1.15.15 = SDR(1)],status=0,exception=null,report=null]
org.snmp4j.util.TableEvent[index=15.16,vbs=[1.3.6.1.4.1.3902.4101.1.3.1.15.16 = 4c:44:5a:30:31:31:36:39:38:52:5f:ca:a1:bd:bb:cd:a8:cc:fc:2d:b8:bb:cf:b2:c1:fa:cf:ba:28:33:35:37:35:30:33:29],status=0,exception=null,report=null]
org.snmp4j.util.TableEvent[index=15.17,vbs=[1.3.6.1.4.1.3902.4101.1.3.1.15.17 = SDR(0)],status=0,exception=null,report=null]
org.snmp4j.util.TableEvent[index=15.18,vbs=[1.3.6.1.4.1.3902.4101.1.3.1.15.18 = SDR(2)],status=0,exception=null,report=null]
org.snmp4j.util.TableEvent[index=15.19,vbs=[1.3.6.1.4.1.3902.4101.1.3.1.15.19 = 4c:44:5a:30:31:31:33:39:38:48:5f:c0:c9:c3:af:c9:bd:b9:ab:d4:b0:b1:b1:28:33:35:37:35:32:35:29],status=0,exception=null,report=null]
org.snmp4j.util.TableEvent[index=15.20,vbs=[1.3.6.1.4.1.3902.4101.1.3.1.15.20 = SDR(1)],status=0,exception=null,report=null]
org.snmp4j.util.TableEvent[index=15.21,vbs=[1.3.6.1.4.1.3902.4101.1.3.1.15.21 = 4c:44:5a:30:31:31:33:31:39:52:5f:b5:b3:bc:d2:c1:a2:bd:bb:b1:b1:2d:c9:bd:b6:ab:cb:ae:c4:e0:b3:a7:28:33:35:37:36:36:32:29],status=0,exception=null,report=null]
org.snmp4j.util.TableEvent[index=15.22,vbs=[1.3.6.1.4.1.3902.4101.1.3.1.15.22 = 4c:44:5a:30:31:31:31:30:34:52:5f:bf:d7:c9:c5:cc:c3:2d:c1:f9:c0:ef:c9:bd:d0:c5:d4:b4:bb:fa:b7:bf:28:33:35:36:39:36:34:29],status=0,exception=null,report=null]
org.snmp4j.util.TableEvent[index=15.23,vbs=[1.3.6.1.4.1.3902.4101.1.3.1.15.23 = 4c:45:5a:30:31:32:37:31:35:53:5f:cb:b4:d3:f1:c4:cf:c7:f8:2d:b8:bb:cf:b2:c1:fa:cf:ba:28:38:31:37:30:36:39:29],status=0,exception=null,report=null]
org.snmp4j.util.TableEvent[index=15.24,vbs=[1.3.6.1.4.1.3902.4101.1.3.1.15.24 = MO SDR_177.243],status=0,exception=null,report=null]
org.snmp4j.util.TableEvent[index=15.25,vbs=[1.3.6.1.4.1.3902.4101.1.3.1.15.25 = SDR(0)],status=0,exception=null,report=null]
org.snmp4j.util.TableEvent[index=15.26,vbs=[1.3.6.1.4.1.3902.4101.1.3.1.15.26 = 45:4d:53:b7:fe:ce:f1:c6:f7:28:31:30:2e:39:2e:32:33:30:2e:32:32:30:29],status=0,exception=null,report=null]
org.snmp4j.util.TableEvent[index=15.27,vbs=[1.3.6.1.4.1.3902.4101.1.3.1.15.27 = 45:4d:53:b7:fe:ce:f1:c6:f7:28:31:30:2e:39:2e:32:33:30:2e:32:32:30:29],status=0,exception=null,report=null]
org.snmp4j.util.TableEvent[index=16.1,vbs=[1.3.6.1.4.1.3902.4101.1.3.1.16.1 = 20420],status=0,exception=null,report=null]
org.snmp4j.util.TableEvent[index=16.2,vbs=[1.3.6.1.4.1.3902.4101.1.3.1.16.2 = 20420],status=0,exception=null,report=null]
org.snmp4j.util.TableEvent[index=16.3,vbs=[1.3.6.1.4.1.3902.4101.1.3.1.16.3 = 20420],status=0,exception=null,report=null]
org.snmp4j.util.TableEvent[index=16.4,vbs=[1.3.6.1.4.1.3902.4101.1.3.1.16.4 = 20420],status=0,exception=null,report=null]
org.snmp4j.util.TableEvent[index=16.5,vbs=[1.3.6.1.4.1.3902.4101.1.3.1.16.5 = 20420],status=0,exception=null,report=null]
org.snmp4j.util.TableEvent[index=16.6,vbs=[1.3.6.1.4.1.3902.4101.1.3.1.16.6 = 20420],status=0,exception=null,report=null]
org.snmp4j.util.TableEvent[index=16.7,vbs=[1.3.6.1.4.1.3902.4101.1.3.1.16.7 = 20420],status=0,exception=null,report=null]
org.snmp4j.util.TableEvent[index=16.8,vbs=[1.3.6.1.4.1.3902.4101.1.3.1.16.8 = 20420],status=0,exception=null,report=null]
org.snmp4j.util.TableEvent[index=16.9,vbs=[1.3.6.1.4.1.3902.4101.1.3.1.16.9 = 20420],status=0,exception=null,report=null]
org.snmp4j.util.TableEvent[index=16.10,vbs=[1.3.6.1.4.1.3902.4101.1.3.1.16.10 = 20420],status=0,exception=null,report=null]
org.snmp4j.util.TableEvent[index=16.11,vbs=[1.3.6.1.4.1.3902.4101.1.3.1.16.11 = 20402],status=0,exception=null,report=null]
org.snmp4j.util.TableEvent[index=16.12,vbs=[1.3.6.1.4.1.3902.4101.1.3.1.16.12 = 20402],status=0,exception=null,report=null]
org.snmp4j.util.TableEvent[index=16.13,vbs=[1.3.6.1.4.1.3902.4101.1.3.1.16.13 = 20402],status=0,exception=null,report=null]
org.snmp4j.util.TableEvent[index=16.14,vbs=[1.3.6.1.4.1.3902.4101.1.3.1.16.14 = 20402],status=0,exception=null,report=null]
org.snmp4j.util.TableEvent[index=16.15,vbs=[1.3.6.1.4.1.3902.4101.1.3.1.16.15 = 20402],status=0,exception=null,report=null]
org.snmp4j.util.TableEvent[index=16.16,vbs=[1.3.6.1.4.1.3902.4101.1.3.1.16.16 = 20402],status=0,exception=null,report=null]
org.snmp4j.util.TableEvent[index=16.17,vbs=[1.3.6.1.4.1.3902.4101.1.3.1.16.17 = 20402],status=0,exception=null,report=null]
org.snmp4j.util.TableEvent[index=16.18,vbs=[1.3.6.1.4.1.3902.4101.1.3.1.16.18 = 20402],status=0,exception=null,report=null]
org.snmp4j.util.TableEvent[index=16.19,vbs=[1.3.6.1.4.1.3902.4101.1.3.1.16.19 = 20402],status=0,exception=null,report=null]
org.snmp4j.util.TableEvent[index=16.20,vbs=[1.3.6.1.4.1.3902.4101.1.3.1.16.20 = 20402],status=0,exception=null,report=null]
org.snmp4j.util.TableEvent[index=16.21,vbs=[1.3.6.1.4.1.3902.4101.1.3.1.16.21 = 20402],status=0,exception=null,report=null]
org.snmp4j.util.TableEvent[index=16.22,vbs=[1.3.6.1.4.1.3902.4101.1.3.1.16.22 = 20402],status=0,exception=null,report=null]
org.snmp4j.util.TableEvent[index=16.23,vbs=[1.3.6.1.4.1.3902.4101.1.3.1.16.23 = 20402],status=0,exception=null,report=null]
org.snmp4j.util.TableEvent[index=16.24,vbs=[1.3.6.1.4.1.3902.4101.1.3.1.16.24 = 6],status=0,exception=null,report=null]
org.snmp4j.util.TableEvent[index=16.25,vbs=[1.3.6.1.4.1.3902.4101.1.3.1.16.25 = 20402],status=0,exception=null,report=null]
org.snmp4j.util.TableEvent[index=16.26,vbs=[1.3.6.1.4.1.3902.4101.1.3.1.16.26 = 6],status=0,exception=null,report=null]
org.snmp4j.util.TableEvent[index=16.27,vbs=[1.3.6.1.4.1.3902.4101.1.3.1.16.27 = 6],status=0,exception=null,report=null]
org.snmp4j.util.TableEvent[index=17.1,vbs=[1.3.6.1.4.1.3902.4101.1.3.1.17.1 = 10.5.128.111],status=0,exception=null,report=null]
org.snmp4j.util.TableEvent[index=17.2,vbs=[1.3.6.1.4.1.3902.4101.1.3.1.17.2 = 10.5.128.111],status=0,exception=null,report=null]
org.snmp4j.util.TableEvent[index=17.3,vbs=[1.3.6.1.4.1.3902.4101.1.3.1.17.3 = 10.5.128.111],status=0,exception=null,report=null]
org.snmp4j.util.TableEvent[index=17.4,vbs=[1.3.6.1.4.1.3902.4101.1.3.1.17.4 = 10.5.128.111],status=0,exception=null,report=null]
org.snmp4j.util.TableEvent[index=17.5,vbs=[1.3.6.1.4.1.3902.4101.1.3.1.17.5 = 10.5.128.111],status=0,exception=null,report=null]
org.snmp4j.util.TableEvent[index=17.6,vbs=[1.3.6.1.4.1.3902.4101.1.3.1.17.6 = 10.5.128.111],status=0,exception=null,report=null]
org.snmp4j.util.TableEvent[index=17.7,vbs=[1.3.6.1.4.1.3902.4101.1.3.1.17.7 = 10.5.128.111],status=0,exception=null,report=null]
org.snmp4j.util.TableEvent[index=17.8,vbs=[1.3.6.1.4.1.3902.4101.1.3.1.17.8 = 10.5.128.111],status=0,exception=null,report=null]
org.snmp4j.util.TableEvent[index=17.9,vbs=[1.3.6.1.4.1.3902.4101.1.3.1.17.9 = 10.5.128.111],status=0,exception=null,report=null]
org.snmp4j.util.TableEvent[index=17.10,vbs=[1.3.6.1.4.1.3902.4101.1.3.1.17.10 = 10.5.128.111],status=0,exception=null,report=null]
org.snmp4j.util.TableEvent[index=17.11,vbs=[1.3.6.1.4.1.3902.4101.1.3.1.17.11 = 100.92.134.180],status=0,exception=null,report=null]
org.snmp4j.util.TableEvent[index=17.12,vbs=[1.3.6.1.4.1.3902.4101.1.3.1.17.12 = 100.92.147.29],status=0,exception=null,report=null]
org.snmp4j.util.TableEvent[index=17.13,vbs=[1.3.6.1.4.1.3902.4101.1.3.1.17.13 = 100.92.140.54],status=0,exception=null,report=null]
org.snmp4j.util.TableEvent[index=17.14,vbs=[1.3.6.1.4.1.3902.4101.1.3.1.17.14 = 10.9.2.11],status=0,exception=null,report=null]
org.snmp4j.util.TableEvent[index=17.15,vbs=[1.3.6.1.4.1.3902.4101.1.3.1.17.15 = 10.9.193.155],status=0,exception=null,report=null]
org.snmp4j.util.TableEvent[index=17.16,vbs=[1.3.6.1.4.1.3902.4101.1.3.1.17.16 = 100.92.138.184],status=0,exception=null,report=null]
org.snmp4j.util.TableEvent[index=17.17,vbs=[1.3.6.1.4.1.3902.4101.1.3.1.17.17 = 10.9.190.141],status=0,exception=null,report=null]
org.snmp4j.util.TableEvent[index=17.18,vbs=[1.3.6.1.4.1.3902.4101.1.3.1.17.18 = 10.9.93.143],status=0,exception=null,report=null]
org.snmp4j.util.TableEvent[index=17.19,vbs=[1.3.6.1.4.1.3902.4101.1.3.1.17.19 = 100.92.132.44],status=0,exception=null,report=null]
org.snmp4j.util.TableEvent[index=17.20,vbs=[1.3.6.1.4.1.3902.4101.1.3.1.17.20 = 1.1.1.1],status=0,exception=null,report=null]
org.snmp4j.util.TableEvent[index=17.21,vbs=[1.3.6.1.4.1.3902.4101.1.3.1.17.21 = 100.92.136.27],status=0,exception=null,report=null]
org.snmp4j.util.TableEvent[index=17.22,vbs=[1.3.6.1.4.1.3902.4101.1.3.1.17.22 = 100.92.139.73],status=0,exception=null,report=null]
org.snmp4j.util.TableEvent[index=17.23,vbs=[1.3.6.1.4.1.3902.4101.1.3.1.17.23 = 100.92.147.240],status=0,exception=null,report=null]
org.snmp4j.util.TableEvent[index=17.24,vbs=[1.3.6.1.4.1.3902.4101.1.3.1.17.24 = 10.9.177.243],status=0,exception=null,report=null]
org.snmp4j.util.TableEvent[index=17.25,vbs=[1.3.6.1.4.1.3902.4101.1.3.1.17.25 = 10.5.128.111],status=0,exception=null,report=null]
org.snmp4j.util.TableEvent[index=17.26,vbs=[1.3.6.1.4.1.3902.4101.1.3.1.17.26 = 10.9.230.220],status=0,exception=null,report=null]
org.snmp4j.util.TableEvent[index=17.27,vbs=[1.3.6.1.4.1.3902.4101.1.3.1.17.27 = 10.9.230.220],status=0,exception=null,report=null]
org.snmp4j.util.TableEvent[index=18.1,vbs=[1.3.6.1.4.1.3902.4101.1.3.1.18.1 = 2],status=0,exception=null,report=null]
org.snmp4j.util.TableEvent[index=18.2,vbs=[1.3.6.1.4.1.3902.4101.1.3.1.18.2 = 2],status=0,exception=null,report=null]
org.snmp4j.util.TableEvent[index=18.3,vbs=[1.3.6.1.4.1.3902.4101.1.3.1.18.3 = 2],status=0,exception=null,report=null]
org.snmp4j.util.TableEvent[index=18.4,vbs=[1.3.6.1.4.1.3902.4101.1.3.1.18.4 = 2],status=0,exception=null,report=null]
org.snmp4j.util.TableEvent[index=18.5,vbs=[1.3.6.1.4.1.3902.4101.1.3.1.18.5 = 2],status=0,exception=null,report=null]
org.snmp4j.util.TableEvent[index=18.6,vbs=[1.3.6.1.4.1.3902.4101.1.3.1.18.6 = 2],status=0,exception=null,report=null]
org.snmp4j.util.TableEvent[index=18.7,vbs=[1.3.6.1.4.1.3902.4101.1.3.1.18.7 = 2],status=0,exception=null,report=null]
org.snmp4j.util.TableEvent[index=18.8,vbs=[1.3.6.1.4.1.3902.4101.1.3.1.18.8 = 2],status=0,exception=null,report=null]
org.snmp4j.util.TableEvent[index=18.9,vbs=[1.3.6.1.4.1.3902.4101.1.3.1.18.9 = 2],status=0,exception=null,report=null]
org.snmp4j.util.TableEvent[index=18.10,vbs=[1.3.6.1.4.1.3902.4101.1.3.1.18.10 = 2],status=0,exception=null,report=null]
org.snmp4j.util.TableEvent[index=18.11,vbs=[1.3.6.1.4.1.3902.4101.1.3.1.18.11 = 2],status=0,exception=null,report=null]
org.snmp4j.util.TableEvent[index=18.12,vbs=[1.3.6.1.4.1.3902.4101.1.3.1.18.12 = 2],status=0,exception=null,report=null]
org.snmp4j.util.TableEvent[index=18.13,vbs=[1.3.6.1.4.1.3902.4101.1.3.1.18.13 = 2],status=0,exception=null,report=null]
org.snmp4j.util.TableEvent[index=18.14,vbs=[1.3.6.1.4.1.3902.4101.1.3.1.18.14 = 2],status=0,exception=null,report=null]
org.snmp4j.util.TableEvent[index=18.15,vbs=[1.3.6.1.4.1.3902.4101.1.3.1.18.15 = 2],status=0,exception=null,report=null]
org.snmp4j.util.TableEvent[index=18.16,vbs=[1.3.6.1.4.1.3902.4101.1.3.1.18.16 = 2],status=0,exception=null,report=null]
org.snmp4j.util.TableEvent[index=18.17,vbs=[1.3.6.1.4.1.3902.4101.1.3.1.18.17 = 2],status=0,exception=null,report=null]
org.snmp4j.util.TableEvent[index=18.18,vbs=[1.3.6.1.4.1.3902.4101.1.3.1.18.18 = 2],status=0,exception=null,report=null]
org.snmp4j.util.TableEvent[index=18.19,vbs=[1.3.6.1.4.1.3902.4101.1.3.1.18.19 = 2],status=0,exception=null,report=null]
org.snmp4j.util.TableEvent[index=18.20,vbs=[1.3.6.1.4.1.3902.4101.1.3.1.18.20 = 2],status=0,exception=null,report=null]
org.snmp4j.util.TableEvent[index=18.21,vbs=[1.3.6.1.4.1.3902.4101.1.3.1.18.21 = 2],status=0,exception=null,report=null]
org.snmp4j.util.TableEvent[index=18.22,vbs=[1.3.6.1.4.1.3902.4101.1.3.1.18.22 = 2],status=0,exception=null,report=null]
org.snmp4j.util.TableEvent[index=18.23,vbs=[1.3.6.1.4.1.3902.4101.1.3.1.18.23 = 2],status=0,exception=null,report=null]
org.snmp4j.util.TableEvent[index=18.24,vbs=[1.3.6.1.4.1.3902.4101.1.3.1.18.24 = 2],status=0,exception=null,report=null]
org.snmp4j.util.TableEvent[index=18.25,vbs=[1.3.6.1.4.1.3902.4101.1.3.1.18.25 = 2],status=0,exception=null,report=null]
org.snmp4j.util.TableEvent[index=18.26,vbs=[1.3.6.1.4.1.3902.4101.1.3.1.18.26 = 2],status=0,exception=null,report=null]
org.snmp4j.util.TableEvent[index=18.27,vbs=[1.3.6.1.4.1.3902.4101.1.3.1.18.27 = 2],status=0,exception=null,report=null]
org.snmp4j.util.TableEvent[index=19.1,vbs=[1.3.6.1.4.1.3902.4101.1.3.1.19.1 = ],status=0,exception=null,report=null]
org.snmp4j.util.TableEvent[index=19.2,vbs=[1.3.6.1.4.1.3902.4101.1.3.1.19.2 = ],status=0,exception=null,report=null]
org.snmp4j.util.TableEvent[index=19.3,vbs=[1.3.6.1.4.1.3902.4101.1.3.1.19.3 = ],status=0,exception=null,report=null]
org.snmp4j.util.TableEvent[index=19.4,vbs=[1.3.6.1.4.1.3902.4101.1.3.1.19.4 = ],status=0,exception=null,report=null]
org.snmp4j.util.TableEvent[index=19.5,vbs=[1.3.6.1.4.1.3902.4101.1.3.1.19.5 = ],status=0,exception=null,report=null]
org.snmp4j.util.TableEvent[index=19.6,vbs=[1.3.6.1.4.1.3902.4101.1.3.1.19.6 = ],status=0,exception=null,report=null]
org.snmp4j.util.TableEvent[index=19.7,vbs=[1.3.6.1.4.1.3902.4101.1.3.1.19.7 = ],status=0,exception=null,report=null]
org.snmp4j.util.TableEvent[index=19.8,vbs=[1.3.6.1.4.1.3902.4101.1.3.1.19.8 = ],status=0,exception=null,report=null]
org.snmp4j.util.TableEvent[index=19.9,vbs=[1.3.6.1.4.1.3902.4101.1.3.1.19.9 = ],status=0,exception=null,report=null]
org.snmp4j.util.TableEvent[index=19.10,vbs=[1.3.6.1.4.1.3902.4101.1.3.1.19.10 = ],status=0,exception=null,report=null]
org.snmp4j.util.TableEvent[index=19.11,vbs=[1.3.6.1.4.1.3902.4101.1.3.1.19.11 = ],status=0,exception=null,report=null]
org.snmp4j.util.TableEvent[index=19.12,vbs=[1.3.6.1.4.1.3902.4101.1.3.1.19.12 = ],status=0,exception=null,report=null]
org.snmp4j.util.TableEvent[index=19.13,vbs=[1.3.6.1.4.1.3902.4101.1.3.1.19.13 = ],status=0,exception=null,report=null]
org.snmp4j.util.TableEvent[index=19.14,vbs=[1.3.6.1.4.1.3902.4101.1.3.1.19.14 = ],status=0,exception=null,report=null]
org.snmp4j.util.TableEvent[index=19.15,vbs=[1.3.6.1.4.1.3902.4101.1.3.1.19.15 = ],status=0,exception=null,report=null]
org.snmp4j.util.TableEvent[index=19.16,vbs=[1.3.6.1.4.1.3902.4101.1.3.1.19.16 = ],status=0,exception=null,report=null]
org.snmp4j.util.TableEvent[index=19.17,vbs=[1.3.6.1.4.1.3902.4101.1.3.1.19.17 = ],status=0,exception=null,report=null]
org.snmp4j.util.TableEvent[index=19.18,vbs=[1.3.6.1.4.1.3902.4101.1.3.1.19.18 = ],status=0,exception=null,report=null]
org.snmp4j.util.TableEvent[index=19.19,vbs=[1.3.6.1.4.1.3902.4101.1.3.1.19.19 = ],status=0,exception=null,report=null]
org.snmp4j.util.TableEvent[index=19.20,vbs=[1.3.6.1.4.1.3902.4101.1.3.1.19.20 = ],status=0,exception=null,report=null]
org.snmp4j.util.TableEvent[index=19.21,vbs=[1.3.6.1.4.1.3902.4101.1.3.1.19.21 = ],status=0,exception=null,report=null]
org.snmp4j.util.TableEvent[index=19.22,vbs=[1.3.6.1.4.1.3902.4101.1.3.1.19.22 = ],status=0,exception=null,report=null]
org.snmp4j.util.TableEvent[index=19.23,vbs=[1.3.6.1.4.1.3902.4101.1.3.1.19.23 = ],status=0,exception=null,report=null]
org.snmp4j.util.TableEvent[index=19.24,vbs=[1.3.6.1.4.1.3902.4101.1.3.1.19.24 = ],status=0,exception=null,report=null]
org.snmp4j.util.TableEvent[index=19.25,vbs=[1.3.6.1.4.1.3902.4101.1.3.1.19.25 = ],status=0,exception=null,report=null]
org.snmp4j.util.TableEvent[index=19.26,vbs=[1.3.6.1.4.1.3902.4101.1.3.1.19.26 = ],status=0,exception=null,report=null]
org.snmp4j.util.TableEvent[index=19.27,vbs=[1.3.6.1.4.1.3902.4101.1.3.1.19.27 = ],status=0,exception=null,report=null]
org.snmp4j.util.TableEvent[index=20.1,vbs=[1.3.6.1.4.1.3902.4101.1.3.1.20.1 = Asia/Chongqing],status=0,exception=null,report=null]
org.snmp4j.util.TableEvent[index=20.2,vbs=[1.3.6.1.4.1.3902.4101.1.3.1.20.2 = Asia/Chongqing],status=0,exception=null,report=null]
org.snmp4j.util.TableEvent[index=20.3,vbs=[1.3.6.1.4.1.3902.4101.1.3.1.20.3 = Asia/Chongqing],status=0,exception=null,report=null]
org.snmp4j.util.TableEvent[index=20.4,vbs=[1.3.6.1.4.1.3902.4101.1.3.1.20.4 = Asia/Chongqing],status=0,exception=null,report=null]
org.snmp4j.util.TableEvent[index=20.5,vbs=[1.3.6.1.4.1.3902.4101.1.3.1.20.5 = Asia/Chongqing],status=0,exception=null,report=null]
org.snmp4j.util.TableEvent[index=20.6,vbs=[1.3.6.1.4.1.3902.4101.1.3.1.20.6 = Asia/Chongqing],status=0,exception=null,report=null]
org.snmp4j.util.TableEvent[index=20.7,vbs=[1.3.6.1.4.1.3902.4101.1.3.1.20.7 = Asia/Chongqing],status=0,exception=null,report=null]
org.snmp4j.util.TableEvent[index=20.8,vbs=[1.3.6.1.4.1.3902.4101.1.3.1.20.8 = Asia/Chongqing],status=0,exception=null,report=null]
org.snmp4j.util.TableEvent[index=20.9,vbs=[1.3.6.1.4.1.3902.4101.1.3.1.20.9 = Asia/Chongqing],status=0,exception=null,report=null]
org.snmp4j.util.TableEvent[index=20.10,vbs=[1.3.6.1.4.1.3902.4101.1.3.1.20.10 = Asia/Chongqing],status=0,exception=null,report=null]
org.snmp4j.util.TableEvent[index=20.11,vbs=[1.3.6.1.4.1.3902.4101.1.3.1.20.11 = Asia/Chongqing],status=0,exception=null,report=null]
org.snmp4j.util.TableEvent[index=20.12,vbs=[1.3.6.1.4.1.3902.4101.1.3.1.20.12 = Asia/Chongqing],status=0,exception=null,report=null]
org.snmp4j.util.TableEvent[index=20.13,vbs=[1.3.6.1.4.1.3902.4101.1.3.1.20.13 = Asia/Chongqing],status=0,exception=null,report=null]
org.snmp4j.util.TableEvent[index=20.14,vbs=[1.3.6.1.4.1.3902.4101.1.3.1.20.14 = Asia/Chongqing],status=0,exception=null,report=null]
org.snmp4j.util.TableEvent[index=20.15,vbs=[1.3.6.1.4.1.3902.4101.1.3.1.20.15 = Asia/Chongqing],status=0,exception=null,report=null]
org.snmp4j.util.TableEvent[index=20.16,vbs=[1.3.6.1.4.1.3902.4101.1.3.1.20.16 = Asia/Chongqing],status=0,exception=null,report=null]
org.snmp4j.util.TableEvent[index=20.17,vbs=[1.3.6.1.4.1.3902.4101.1.3.1.20.17 = Asia/Chongqing],status=0,exception=null,report=null]
org.snmp4j.util.TableEvent[index=20.18,vbs=[1.3.6.1.4.1.3902.4101.1.3.1.20.18 = Asia/Chongqing],status=0,exception=null,report=null]
org.snmp4j.util.TableEvent[index=20.19,vbs=[1.3.6.1.4.1.3902.4101.1.3.1.20.19 = Asia/Chongqing],status=0,exception=null,report=null]
org.snmp4j.util.TableEvent[index=20.20,vbs=[1.3.6.1.4.1.3902.4101.1.3.1.20.20 = Asia/Chongqing],status=0,exception=null,report=null]
org.snmp4j.util.TableEvent[index=20.21,vbs=[1.3.6.1.4.1.3902.4101.1.3.1.20.21 = Asia/Chongqing],status=0,exception=null,report=null]
org.snmp4j.util.TableEvent[index=20.22,vbs=[1.3.6.1.4.1.3902.4101.1.3.1.20.22 = Asia/Chongqing],status=0,exception=null,report=null]
org.snmp4j.util.TableEvent[index=20.23,vbs=[1.3.6.1.4.1.3902.4101.1.3.1.20.23 = Asia/Chongqing],status=0,exception=null,report=null]
org.snmp4j.util.TableEvent[index=20.24,vbs=[1.3.6.1.4.1.3902.4101.1.3.1.20.24 = Asia/Chongqing],status=0,exception=null,report=null]
org.snmp4j.util.TableEvent[index=20.25,vbs=[1.3.6.1.4.1.3902.4101.1.3.1.20.25 = Asia/Chongqing],status=0,exception=null,report=null]
org.snmp4j.util.TableEvent[index=20.26,vbs=[1.3.6.1.4.1.3902.4101.1.3.1.20.26 = Asia/Chongqing],status=0,exception=null,report=null]
org.snmp4j.util.TableEvent[index=20.27,vbs=[1.3.6.1.4.1.3902.4101.1.3.1.20.27 = Asia/Chongqing],status=0,exception=null,report=null]
org.snmp4j.util.TableEvent[index=21.1,vbs=[1.3.6.1.4.1.3902.4101.1.3.1.21.1 = 28800000],status=0,exception=null,report=null]
org.snmp4j.util.TableEvent[index=21.2,vbs=[1.3.6.1.4.1.3902.4101.1.3.1.21.2 = 28800000],status=0,exception=null,report=null]
org.snmp4j.util.TableEvent[index=21.3,vbs=[1.3.6.1.4.1.3902.4101.1.3.1.21.3 = 28800000],status=0,exception=null,report=null]
org.snmp4j.util.TableEvent[index=21.4,vbs=[1.3.6.1.4.1.3902.4101.1.3.1.21.4 = 28800000],status=0,exception=null,report=null]
org.snmp4j.util.TableEvent[index=21.5,vbs=[1.3.6.1.4.1.3902.4101.1.3.1.21.5 = 28800000],status=0,exception=null,report=null]
org.snmp4j.util.TableEvent[index=21.6,vbs=[1.3.6.1.4.1.3902.4101.1.3.1.21.6 = 28800000],status=0,exception=null,report=null]
org.snmp4j.util.TableEvent[index=21.7,vbs=[1.3.6.1.4.1.3902.4101.1.3.1.21.7 = 28800000],status=0,exception=null,report=null]
org.snmp4j.util.TableEvent[index=21.8,vbs=[1.3.6.1.4.1.3902.4101.1.3.1.21.8 = 28800000],status=0,exception=null,report=null]
org.snmp4j.util.TableEvent[index=21.9,vbs=[1.3.6.1.4.1.3902.4101.1.3.1.21.9 = 28800000],status=0,exception=null,report=null]
org.snmp4j.util.TableEvent[index=21.10,vbs=[1.3.6.1.4.1.3902.4101.1.3.1.21.10 = 28800000],status=0,exception=null,report=null]
org.snmp4j.util.TableEvent[index=21.11,vbs=[1.3.6.1.4.1.3902.4101.1.3.1.21.11 = 28800000],status=0,exception=null,report=null]
org.snmp4j.util.TableEvent[index=21.12,vbs=[1.3.6.1.4.1.3902.4101.1.3.1.21.12 = 28800000],status=0,exception=null,report=null]
org.snmp4j.util.TableEvent[index=21.13,vbs=[1.3.6.1.4.1.3902.4101.1.3.1.21.13 = 28800000],status=0,exception=null,report=null]
org.snmp4j.util.TableEvent[index=21.14,vbs=[1.3.6.1.4.1.3902.4101.1.3.1.21.14 = 28800000],status=0,exception=null,report=null]
org.snmp4j.util.TableEvent[index=21.15,vbs=[1.3.6.1.4.1.3902.4101.1.3.1.21.15 = 28800000],status=0,exception=null,report=null]
org.snmp4j.util.TableEvent[index=21.16,vbs=[1.3.6.1.4.1.3902.4101.1.3.1.21.16 = 28800000],status=0,exception=null,report=null]
org.snmp4j.util.TableEvent[index=21.17,vbs=[1.3.6.1.4.1.3902.4101.1.3.1.21.17 = 28800000],status=0,exception=null,report=null]
org.snmp4j.util.TableEvent[index=21.18,vbs=[1.3.6.1.4.1.3902.4101.1.3.1.21.18 = 28800000],status=0,exception=null,report=null]
org.snmp4j.util.TableEvent[index=21.19,vbs=[1.3.6.1.4.1.3902.4101.1.3.1.21.19 = 28800000],status=0,exception=null,report=null]
org.snmp4j.util.TableEvent[index=21.20,vbs=[1.3.6.1.4.1.3902.4101.1.3.1.21.20 = 28800000],status=0,exception=null,report=null]
org.snmp4j.util.TableEvent[index=21.21,vbs=[1.3.6.1.4.1.3902.4101.1.3.1.21.21 = 28800000],status=0,exception=null,report=null]
org.snmp4j.util.TableEvent[index=21.22,vbs=[1.3.6.1.4.1.3902.4101.1.3.1.21.22 = 28800000],status=0,exception=null,report=null]
org.snmp4j.util.TableEvent[index=21.23,vbs=[1.3.6.1.4.1.3902.4101.1.3.1.21.23 = 28800000],status=0,exception=null,report=null]
org.snmp4j.util.TableEvent[index=21.24,vbs=[1.3.6.1.4.1.3902.4101.1.3.1.21.24 = 28800000],status=0,exception=null,report=null]
org.snmp4j.util.TableEvent[index=21.25,vbs=[1.3.6.1.4.1.3902.4101.1.3.1.21.25 = 28800000],status=0,exception=null,report=null]
org.snmp4j.util.TableEvent[index=21.26,vbs=[1.3.6.1.4.1.3902.4101.1.3.1.21.26 = 28800000],status=0,exception=null,report=null]
org.snmp4j.util.TableEvent[index=21.27,vbs=[1.3.6.1.4.1.3902.4101.1.3.1.21.27 = 28800000],status=0,exception=null,report=null]
org.snmp4j.util.TableEvent[index=22.1,vbs=[1.3.6.1.4.1.3902.4101.1.3.1.22.1 = 0],status=0,exception=null,report=null]
org.snmp4j.util.TableEvent[index=22.2,vbs=[1.3.6.1.4.1.3902.4101.1.3.1.22.2 = 0],status=0,exception=null,report=null]
org.snmp4j.util.TableEvent[index=22.3,vbs=[1.3.6.1.4.1.3902.4101.1.3.1.22.3 = 0],status=0,exception=null,report=null]
org.snmp4j.util.TableEvent[index=22.4,vbs=[1.3.6.1.4.1.3902.4101.1.3.1.22.4 = 0],status=0,exception=null,report=null]
org.snmp4j.util.TableEvent[index=22.5,vbs=[1.3.6.1.4.1.3902.4101.1.3.1.22.5 = 0],status=0,exception=null,report=null]
org.snmp4j.util.TableEvent[index=22.6,vbs=[1.3.6.1.4.1.3902.4101.1.3.1.22.6 = 0],status=0,exception=null,report=null]
org.snmp4j.util.TableEvent[index=22.7,vbs=[1.3.6.1.4.1.3902.4101.1.3.1.22.7 = 0],status=0,exception=null,report=null]
org.snmp4j.util.TableEvent[index=22.8,vbs=[1.3.6.1.4.1.3902.4101.1.3.1.22.8 = 0],status=0,exception=null,report=null]
org.snmp4j.util.TableEvent[index=22.9,vbs=[1.3.6.1.4.1.3902.4101.1.3.1.22.9 = 0],status=0,exception=null,report=null]
org.snmp4j.util.TableEvent[index=22.10,vbs=[1.3.6.1.4.1.3902.4101.1.3.1.22.10 = 0],status=0,exception=null,report=null]
org.snmp4j.util.TableEvent[index=22.11,vbs=[1.3.6.1.4.1.3902.4101.1.3.1.22.11 = 0],status=0,exception=null,report=null]
org.snmp4j.util.TableEvent[index=22.12,vbs=[1.3.6.1.4.1.3902.4101.1.3.1.22.12 = 0],status=0,exception=null,report=null]
org.snmp4j.util.TableEvent[index=22.13,vbs=[1.3.6.1.4.1.3902.4101.1.3.1.22.13 = 0],status=0,exception=null,report=null]
org.snmp4j.util.TableEvent[index=22.14,vbs=[1.3.6.1.4.1.3902.4101.1.3.1.22.14 = 0],status=0,exception=null,report=null]
org.snmp4j.util.TableEvent[index=22.15,vbs=[1.3.6.1.4.1.3902.4101.1.3.1.22.15 = 0],status=0,exception=null,report=null]
org.snmp4j.util.TableEvent[index=22.16,vbs=[1.3.6.1.4.1.3902.4101.1.3.1.22.16 = 0],status=0,exception=null,report=null]
org.snmp4j.util.TableEvent[index=22.17,vbs=[1.3.6.1.4.1.3902.4101.1.3.1.22.17 = 0],status=0,exception=null,report=null]
org.snmp4j.util.TableEvent[index=22.18,vbs=[1.3.6.1.4.1.3902.4101.1.3.1.22.18 = 0],status=0,exception=null,report=null]
org.snmp4j.util.TableEvent[index=22.19,vbs=[1.3.6.1.4.1.3902.4101.1.3.1.22.19 = 0],status=0,exception=null,report=null]
org.snmp4j.util.TableEvent[index=22.20,vbs=[1.3.6.1.4.1.3902.4101.1.3.1.22.20 = 0],status=0,exception=null,report=null]
org.snmp4j.util.TableEvent[index=22.21,vbs=[1.3.6.1.4.1.3902.4101.1.3.1.22.21 = 0],status=0,exception=null,report=null]
org.snmp4j.util.TableEvent[index=22.22,vbs=[1.3.6.1.4.1.3902.4101.1.3.1.22.22 = 0],status=0,exception=null,report=null]
org.snmp4j.util.TableEvent[index=22.23,vbs=[1.3.6.1.4.1.3902.4101.1.3.1.22.23 = 0],status=0,exception=null,report=null]
org.snmp4j.util.TableEvent[index=22.24,vbs=[1.3.6.1.4.1.3902.4101.1.3.1.22.24 = 0],status=0,exception=null,report=null]
org.snmp4j.util.TableEvent[index=22.25,vbs=[1.3.6.1.4.1.3902.4101.1.3.1.22.25 = 0],status=0,exception=null,report=null]
org.snmp4j.util.TableEvent[index=22.26,vbs=[1.3.6.1.4.1.3902.4101.1.3.1.22.26 = 0],status=0,exception=null,report=null]
org.snmp4j.util.TableEvent[index=22.27,vbs=[1.3.6.1.4.1.3902.4101.1.3.1.22.27 = 0],status=0,exception=null,report=null]
org.snmp4j.util.TableEvent[index=23.1,vbs=[1.3.6.1.4.1.3902.4101.1.3.1.23.1 = 6],status=0,exception=null,report=null]
org.snmp4j.util.TableEvent[index=23.2,vbs=[1.3.6.1.4.1.3902.4101.1.3.1.23.2 = 7],status=0,exception=null,report=null]
org.snmp4j.util.TableEvent[index=23.3,vbs=[1.3.6.1.4.1.3902.4101.1.3.1.23.3 = 7],status=0,exception=null,report=null]
org.snmp4j.util.TableEvent[index=23.4,vbs=[1.3.6.1.4.1.3902.4101.1.3.1.23.4 = 1],status=0,exception=null,report=null]
org.snmp4j.util.TableEvent[index=23.5,vbs=[1.3.6.1.4.1.3902.4101.1.3.1.23.5 = 7],status=0,exception=null,report=null]
org.snmp4j.util.TableEvent[index=23.6,vbs=[1.3.6.1.4.1.3902.4101.1.3.1.23.6 = 4],status=0,exception=null,report=null]
org.snmp4j.util.TableEvent[index=23.7,vbs=[1.3.6.1.4.1.3902.4101.1.3.1.23.7 = 7],status=0,exception=null,report=null]
org.snmp4j.util.TableEvent[index=23.8,vbs=[1.3.6.1.4.1.3902.4101.1.3.1.23.8 = 7],status=0,exception=null,report=null]
org.snmp4j.util.TableEvent[index=23.9,vbs=[1.3.6.1.4.1.3902.4101.1.3.1.23.9 = 5],status=0,exception=null,report=null]
org.snmp4j.util.TableEvent[index=23.10,vbs=[1.3.6.1.4.1.3902.4101.1.3.1.23.10 = 2],status=0,exception=null,report=null]
org.snmp4j.util.TableEvent[index=23.11,vbs=[1.3.6.1.4.1.3902.4101.1.3.1.23.11 = 0],status=0,exception=null,report=null]
org.snmp4j.util.TableEvent[index=23.12,vbs=[1.3.6.1.4.1.3902.4101.1.3.1.23.12 = 0],status=0,exception=null,report=null]
org.snmp4j.util.TableEvent[index=23.13,vbs=[1.3.6.1.4.1.3902.4101.1.3.1.23.13 = 0],status=0,exception=null,report=null]
org.snmp4j.util.TableEvent[index=23.14,vbs=[1.3.6.1.4.1.3902.4101.1.3.1.23.14 = 0],status=0,exception=null,report=null]
org.snmp4j.util.TableEvent[index=23.15,vbs=[1.3.6.1.4.1.3902.4101.1.3.1.23.15 = 0],status=0,exception=null,report=null]
org.snmp4j.util.TableEvent[index=23.16,vbs=[1.3.6.1.4.1.3902.4101.1.3.1.23.16 = 0],status=0,exception=null,report=null]
org.snmp4j.util.TableEvent[index=23.17,vbs=[1.3.6.1.4.1.3902.4101.1.3.1.23.17 = 0],status=0,exception=null,report=null]
org.snmp4j.util.TableEvent[index=23.18,vbs=[1.3.6.1.4.1.3902.4101.1.3.1.23.18 = 0],status=0,exception=null,report=null]
org.snmp4j.util.TableEvent[index=23.19,vbs=[1.3.6.1.4.1.3902.4101.1.3.1.23.19 = 0],status=0,exception=null,report=null]
org.snmp4j.util.TableEvent[index=23.20,vbs=[1.3.6.1.4.1.3902.4101.1.3.1.23.20 = 0],status=0,exception=null,report=null]
org.snmp4j.util.TableEvent[index=23.21,vbs=[1.3.6.1.4.1.3902.4101.1.3.1.23.21 = 0],status=0,exception=null,report=null]
org.snmp4j.util.TableEvent[index=23.22,vbs=[1.3.6.1.4.1.3902.4101.1.3.1.23.22 = 0],status=0,exception=null,report=null]
org.snmp4j.util.TableEvent[index=23.23,vbs=[1.3.6.1.4.1.3902.4101.1.3.1.23.23 = 0],status=0,exception=null,report=null]
org.snmp4j.util.TableEvent[index=23.24,vbs=[1.3.6.1.4.1.3902.4101.1.3.1.23.24 = 0],status=0,exception=null,report=null]
org.snmp4j.util.TableEvent[index=23.25,vbs=[1.3.6.1.4.1.3902.4101.1.3.1.23.25 = 0],status=0,exception=null,report=null]
org.snmp4j.util.TableEvent[index=23.26,vbs=[1.3.6.1.4.1.3902.4101.1.3.1.23.26 = ],status=0,exception=null,report=null]
org.snmp4j.util.TableEvent[index=23.27,vbs=[1.3.6.1.4.1.3902.4101.1.3.1.23.27 = ],status=0,exception=null,report=null]
org.snmp4j.util.TableEvent[index=24.1,vbs=[1.3.6.1.4.1.3902.4101.1.3.1.24.1 = 1470895729600],status=0,exception=null,report=null]
org.snmp4j.util.TableEvent[index=24.2,vbs=[1.3.6.1.4.1.3902.4101.1.3.1.24.2 = 1470895729561],status=0,exception=null,report=null]
org.snmp4j.util.TableEvent[index=24.3,vbs=[1.3.6.1.4.1.3902.4101.1.3.1.24.3 = 1470895729601],status=0,exception=null,report=null]
org.snmp4j.util.TableEvent[index=24.4,vbs=[1.3.6.1.4.1.3902.4101.1.3.1.24.4 = 1470895729596],status=0,exception=null,report=null]
org.snmp4j.util.TableEvent[index=24.5,vbs=[1.3.6.1.4.1.3902.4101.1.3.1.24.5 = 1470895729560],status=0,exception=null,report=null]
org.snmp4j.util.TableEvent[index=24.6,vbs=[1.3.6.1.4.1.3902.4101.1.3.1.24.6 = 1470895729598],status=0,exception=null,report=null]
org.snmp4j.util.TableEvent[index=24.7,vbs=[1.3.6.1.4.1.3902.4101.1.3.1.24.7 = 1470895729558],status=0,exception=null,report=null]
org.snmp4j.util.TableEvent[index=24.8,vbs=[1.3.6.1.4.1.3902.4101.1.3.1.24.8 = 1470895729559],status=0,exception=null,report=null]
org.snmp4j.util.TableEvent[index=24.9,vbs=[1.3.6.1.4.1.3902.4101.1.3.1.24.9 = 1470895729599],status=0,exception=null,report=null]
org.snmp4j.util.TableEvent[index=24.10,vbs=[1.3.6.1.4.1.3902.4101.1.3.1.24.10 = 1470895729597],status=0,exception=null,report=null]
org.snmp4j.util.TableEvent[index=24.11,vbs=[1.3.6.1.4.1.3902.4101.1.3.1.24.11 = 1470895729594],status=0,exception=null,report=null]
org.snmp4j.util.TableEvent[index=24.12,vbs=[1.3.6.1.4.1.3902.4101.1.3.1.24.12 = 1470895729592],status=0,exception=null,report=null]
org.snmp4j.util.TableEvent[index=24.13,vbs=[1.3.6.1.4.1.3902.4101.1.3.1.24.13 = 1470895729593],status=0,exception=null,report=null]
org.snmp4j.util.TableEvent[index=24.14,vbs=[1.3.6.1.4.1.3902.4101.1.3.1.24.14 = 1470895729591],status=0,exception=null,report=null]
org.snmp4j.util.TableEvent[index=24.15,vbs=[1.3.6.1.4.1.3902.4101.1.3.1.24.15 = 1470895729582],status=0,exception=null,report=null]
org.snmp4j.util.TableEvent[index=24.16,vbs=[1.3.6.1.4.1.3902.4101.1.3.1.24.16 = 1470895729583],status=0,exception=null,report=null]
org.snmp4j.util.TableEvent[index=24.17,vbs=[1.3.6.1.4.1.3902.4101.1.3.1.24.17 = 1470895729584],status=0,exception=null,report=null]
org.snmp4j.util.TableEvent[index=24.18,vbs=[1.3.6.1.4.1.3902.4101.1.3.1.24.18 = 1470895729585],status=0,exception=null,report=null]
org.snmp4j.util.TableEvent[index=24.19,vbs=[1.3.6.1.4.1.3902.4101.1.3.1.24.19 = 1470895729586],status=0,exception=null,report=null]
org.snmp4j.util.TableEvent[index=24.20,vbs=[1.3.6.1.4.1.3902.4101.1.3.1.24.20 = 1470895729587],status=0,exception=null,report=null]
org.snmp4j.util.TableEvent[index=24.21,vbs=[1.3.6.1.4.1.3902.4101.1.3.1.24.21 = 1470895729588],status=0,exception=null,report=null]
org.snmp4j.util.TableEvent[index=24.22,vbs=[1.3.6.1.4.1.3902.4101.1.3.1.24.22 = 1470895729589],status=0,exception=null,report=null]
org.snmp4j.util.TableEvent[index=24.23,vbs=[1.3.6.1.4.1.3902.4101.1.3.1.24.23 = 1470895729590],status=0,exception=null,report=null]
org.snmp4j.util.TableEvent[index=24.24,vbs=[1.3.6.1.4.1.3902.4101.1.3.1.24.24 = 1470895729595],status=0,exception=null,report=null]
org.snmp4j.util.TableEvent[index=24.25,vbs=[1.3.6.1.4.1.3902.4101.1.3.1.24.25 = 1470895732193],status=0,exception=null,report=null]
org.snmp4j.util.TableEvent[index=24.26,vbs=[1.3.6.1.4.1.3902.4101.1.3.1.24.26 = 1471515104228],status=0,exception=null,report=null]
org.snmp4j.util.TableEvent[index=24.27,vbs=[1.3.6.1.4.1.3902.4101.1.3.1.24.27 = 1471515104234],status=0,exception=null,report=null]
org.snmp4j.util.TableEvent[index=25.1,vbs=[1.3.6.1.4.1.3902.4101.1.3.1.25.1 = ],status=0,exception=null,report=null]
org.snmp4j.util.TableEvent[index=25.2,vbs=[1.3.6.1.4.1.3902.4101.1.3.1.25.2 = ],status=0,exception=null,report=null]
org.snmp4j.util.TableEvent[index=25.3,vbs=[1.3.6.1.4.1.3902.4101.1.3.1.25.3 = ],status=0,exception=null,report=null]
org.snmp4j.util.TableEvent[index=25.4,vbs=[1.3.6.1.4.1.3902.4101.1.3.1.25.4 = ],status=0,exception=null,report=null]
org.snmp4j.util.TableEvent[index=25.5,vbs=[1.3.6.1.4.1.3902.4101.1.3.1.25.5 = ],status=0,exception=null,report=null]
org.snmp4j.util.TableEvent[index=25.6,vbs=[1.3.6.1.4.1.3902.4101.1.3.1.25.6 = ],status=0,exception=null,report=null]
org.snmp4j.util.TableEvent[index=25.7,vbs=[1.3.6.1.4.1.3902.4101.1.3.1.25.7 = ],status=0,exception=null,report=null]
org.snmp4j.util.TableEvent[index=25.8,vbs=[1.3.6.1.4.1.3902.4101.1.3.1.25.8 = ],status=0,exception=null,report=null]
org.snmp4j.util.TableEvent[index=25.9,vbs=[1.3.6.1.4.1.3902.4101.1.3.1.25.9 = ],status=0,exception=null,report=null]
org.snmp4j.util.TableEvent[index=25.10,vbs=[1.3.6.1.4.1.3902.4101.1.3.1.25.10 = ],status=0,exception=null,report=null]
org.snmp4j.util.TableEvent[index=25.11,vbs=[1.3.6.1.4.1.3902.4101.1.3.1.25.11 = ],status=0,exception=null,report=null]
org.snmp4j.util.TableEvent[index=25.12,vbs=[1.3.6.1.4.1.3902.4101.1.3.1.25.12 = ],status=0,exception=null,report=null]
org.snmp4j.util.TableEvent[index=25.13,vbs=[1.3.6.1.4.1.3902.4101.1.3.1.25.13 = ],status=0,exception=null,report=null]
org.snmp4j.util.TableEvent[index=25.14,vbs=[1.3.6.1.4.1.3902.4101.1.3.1.25.14 = ],status=0,exception=null,report=null]
org.snmp4j.util.TableEvent[index=25.15,vbs=[1.3.6.1.4.1.3902.4101.1.3.1.25.15 = ],status=0,exception=null,report=null]
org.snmp4j.util.TableEvent[index=25.16,vbs=[1.3.6.1.4.1.3902.4101.1.3.1.25.16 = ],status=0,exception=null,report=null]
org.snmp4j.util.TableEvent[index=25.17,vbs=[1.3.6.1.4.1.3902.4101.1.3.1.25.17 = ],status=0,exception=null,report=null]
org.snmp4j.util.TableEvent[index=25.18,vbs=[1.3.6.1.4.1.3902.4101.1.3.1.25.18 = ],status=0,exception=null,report=null]
org.snmp4j.util.TableEvent[index=25.19,vbs=[1.3.6.1.4.1.3902.4101.1.3.1.25.19 = ],status=0,exception=null,report=null]
org.snmp4j.util.TableEvent[index=25.20,vbs=[1.3.6.1.4.1.3902.4101.1.3.1.25.20 = ],status=0,exception=null,report=null]
org.snmp4j.util.TableEvent[index=25.21,vbs=[1.3.6.1.4.1.3902.4101.1.3.1.25.21 = ],status=0,exception=null,report=null]
org.snmp4j.util.TableEvent[index=25.22,vbs=[1.3.6.1.4.1.3902.4101.1.3.1.25.22 = ],status=0,exception=null,report=null]
org.snmp4j.util.TableEvent[index=25.23,vbs=[1.3.6.1.4.1.3902.4101.1.3.1.25.23 = ],status=0,exception=null,report=null]
org.snmp4j.util.TableEvent[index=25.24,vbs=[1.3.6.1.4.1.3902.4101.1.3.1.25.24 = ],status=0,exception=null,report=null]
org.snmp4j.util.TableEvent[index=25.25,vbs=[1.3.6.1.4.1.3902.4101.1.3.1.25.25 = ],status=0,exception=null,report=null]
org.snmp4j.util.TableEvent[index=25.26,vbs=[1.3.6.1.4.1.3902.4101.1.3.1.25.26 = ],status=0,exception=null,report=null]
org.snmp4j.util.TableEvent[index=25.27,vbs=[1.3.6.1.4.1.3902.4101.1.3.1.25.27 = ],status=0,exception=null,report=null]